arch,workload,layer,cache_type,associativity,size_bytes,inner_dim,line_size,sample_idx,hit_rate
ptb,vgg16_T4_all,layer_08_features_27,direct_mapped,0,8192,kh,16,0,0.000000
ptb,vgg16_T4_all,layer_08_features_27,direct_mapped,0,16384,kh,16,0,0.000176
ptb,vgg16_T4_all,layer_08_features_27,direct_mapped,0,32768,kh,16,0,0.000176
ptb,vgg16_T4_all,layer_08_features_27,direct_mapped,0,65536,kh,16,0,0.000176
ptb,vgg16_T4_all,layer_08_features_27,set_associative,4,8192,kh,16,0,0.000000
ptb,vgg16_T4_all,layer_08_features_27,set_associative,4,16384,kh,16,0,0.000000
ptb,vgg16_T4_all,layer_08_features_27,set_associative,4,32768,kh,16,0,0.000056
ptb,vgg16_T4_all,layer_08_features_27,set_associative,4,65536,kh,16,0,0.001581
ptb,vgg16_T4_all,layer_08_features_27,set_associative,16,8192,kh,16,0,0.000000
ptb,vgg16_T4_all,layer_08_features_27,set_associative,16,16384,kh,16,0,0.000000
ptb,vgg16_T4_all,layer_08_features_27,set_associative,16,32768,kh,16,0,0.000000
ptb,vgg16_T4_all,layer_08_features_27,set_associative,16,65536,kh,16,0,0.003756
ptb,vgg16_T4_all,layer_08_features_27,set_associative,32,8192,kh,16,0,0.000000
ptb,vgg16_T4_all,layer_08_features_27,set_associative,32,16384,kh,16,0,0.000000
ptb,vgg16_T4_all,layer_08_features_27,set_associative,32,32768,kh,16,0,0.000000
ptb,vgg16_T4_all,layer_08_features_27,set_associative,32,65536,kh,16,0,0.000304
ptb,vgg16_T4_all,layer_08_features_27,direct_mapped,0,8192,kw,16,0,0.000020
ptb,vgg16_T4_all,layer_08_features_27,direct_mapped,0,16384,kw,16,0,0.000839
ptb,vgg16_T4_all,layer_08_features_27,direct_mapped,0,32768,kw,16,0,0.000839
ptb,vgg16_T4_all,layer_08_features_27,direct_mapped,0,65536,kw,16,0,0.000839
ptb,vgg16_T4_all,layer_08_features_27,set_associative,4,8192,kw,16,0,0.000000
ptb,vgg16_T4_all,layer_08_features_27,set_associative,4,16384,kw,16,0,0.000000
ptb,vgg16_T4_all,layer_08_features_27,set_associative,4,32768,kw,16,0,0.057871
ptb,vgg16_T4_all,layer_08_features_27,set_associative,4,65536,kw,16,0,0.064806
ptb,vgg16_T4_all,layer_08_features_27,set_associative,16,8192,kw,16,0,0.000000
ptb,vgg16_T4_all,layer_08_features_27,set_associative,16,16384,kw,16,0,0.000000
ptb,vgg16_T4_all,layer_08_features_27,set_associative,16,32768,kw,16,0,0.004410
ptb,vgg16_T4_all,layer_08_features_27,set_associative,16,65536,kw,16,0,0.426067
ptb,vgg16_T4_all,layer_08_features_27,set_associative,32,8192,kw,16,0,0.000000
ptb,vgg16_T4_all,layer_08_features_27,set_associative,32,16384,kw,16,0,0.000000
ptb,vgg16_T4_all,layer_08_features_27,set_associative,32,32768,kw,16,0,0.000222
ptb,vgg16_T4_all,layer_08_features_27,set_associative,32,65536,kw,16,0,0.443752
ptb,vgg16_T4_all,layer_08_features_27,direct_mapped,0,8192,cin,16,0,0.832824
ptb,vgg16_T4_all,layer_08_features_27,direct_mapped,0,16384,cin,16,0,0.832824
ptb,vgg16_T4_all,layer_08_features_27,direct_mapped,0,32768,cin,16,0,0.832824
ptb,vgg16_T4_all,layer_08_features_27,direct_mapped,0,65536,cin,16,0,0.832824
ptb,vgg16_T4_all,layer_08_features_27,set_associative,4,8192,cin,16,0,0.833111
ptb,vgg16_T4_all,layer_08_features_27,set_associative,4,16384,cin,16,0,0.833111
ptb,vgg16_T4_all,layer_08_features_27,set_associative,4,32768,cin,16,0,0.833111
ptb,vgg16_T4_all,layer_08_features_27,set_associative,4,65536,cin,16,0,0.833111
ptb,vgg16_T4_all,layer_08_features_27,set_associative,16,8192,cin,16,0,0.832758
ptb,vgg16_T4_all,layer_08_features_27,set_associative,16,16384,cin,16,0,0.834797
ptb,vgg16_T4_all,layer_08_features_27,set_associative,16,32768,cin,16,0,0.834797
ptb,vgg16_T4_all,layer_08_features_27,set_associative,16,65536,cin,16,0,0.834797
ptb,vgg16_T4_all,layer_08_features_27,set_associative,32,8192,cin,16,0,0.832758
ptb,vgg16_T4_all,layer_08_features_27,set_associative,32,16384,cin,16,0,0.832758
ptb,vgg16_T4_all,layer_08_features_27,set_associative,32,32768,cin,16,0,0.840075
ptb,vgg16_T4_all,layer_08_features_27,set_associative,32,65536,cin,16,0,0.840075
ptb,vgg16_T4_all,layer_08_features_27,direct_mapped,0,8192,cout,16,0,0.939545
ptb,vgg16_T4_all,layer_08_features_27,direct_mapped,0,16384,cout,16,0,0.939600
ptb,vgg16_T4_all,layer_08_features_27,direct_mapped,0,32768,cout,16,0,0.939600
ptb,vgg16_T4_all,layer_08_features_27,direct_mapped,0,65536,cout,16,0,0.939600
ptb,vgg16_T4_all,layer_08_features_27,set_associative,4,8192,cout,16,0,0.938065
ptb,vgg16_T4_all,layer_08_features_27,set_associative,4,16384,cout,16,0,0.945715
ptb,vgg16_T4_all,layer_08_features_27,set_associative,4,32768,cout,16,0,0.966088
ptb,vgg16_T4_all,layer_08_features_27,set_associative,4,65536,cout,16,0,0.966192
ptb,vgg16_T4_all,layer_08_features_27,set_associative,16,8192,cout,16,0,0.937670
ptb,vgg16_T4_all,layer_08_features_27,set_associative,16,16384,cout,16,0,0.943533
ptb,vgg16_T4_all,layer_08_features_27,set_associative,16,32768,cout,16,0,0.970063
ptb,vgg16_T4_all,layer_08_features_27,set_associative,16,65536,cout,16,0,0.986813
ptb,vgg16_T4_all,layer_08_features_27,set_associative,32,8192,cout,16,0,0.937605
ptb,vgg16_T4_all,layer_08_features_27,set_associative,32,16384,cout,16,0,0.942743
ptb,vgg16_T4_all,layer_08_features_27,set_associative,32,32768,cout,16,0,0.971105
ptb,vgg16_T4_all,layer_08_features_27,set_associative,32,65536,cout,16,0,0.987098
ptb,vgg16_T4_all,layer_08_features_27,direct_mapped,0,8192,kh,32,0,0.000000
ptb,vgg16_T4_all,layer_08_features_27,direct_mapped,0,16384,kh,32,0,0.000000
ptb,vgg16_T4_all,layer_08_features_27,direct_mapped,0,32768,kh,32,0,0.000176
ptb,vgg16_T4_all,layer_08_features_27,direct_mapped,0,65536,kh,32,0,0.000176
ptb,vgg16_T4_all,layer_08_features_27,set_associative,4,8192,kh,32,0,0.000000
ptb,vgg16_T4_all,layer_08_features_27,set_associative,4,16384,kh,32,0,0.000000
ptb,vgg16_T4_all,layer_08_features_27,set_associative,4,32768,kh,32,0,0.000000
ptb,vgg16_T4_all,layer_08_features_27,set_associative,4,65536,kh,32,0,0.000056
ptb,vgg16_T4_all,layer_08_features_27,set_associative,16,8192,kh,32,0,0.000000
ptb,vgg16_T4_all,layer_08_features_27,set_associative,16,16384,kh,32,0,0.000000
ptb,vgg16_T4_all,layer_08_features_27,set_associative,16,32768,kh,32,0,0.000000
ptb,vgg16_T4_all,layer_08_features_27,set_associative,16,65536,kh,32,0,0.000000
ptb,vgg16_T4_all,layer_08_features_27,set_associative,32,8192,kh,32,0,0.000000
ptb,vgg16_T4_all,layer_08_features_27,set_associative,32,16384,kh,32,0,0.000000
ptb,vgg16_T4_all,layer_08_features_27,set_associative,32,32768,kh,32,0,0.000000
ptb,vgg16_T4_all,layer_08_features_27,set_associative,32,65536,kh,32,0,0.000000
ptb,vgg16_T4_all,layer_08_features_27,direct_mapped,0,8192,kw,32,0,0.000000
ptb,vgg16_T4_all,layer_08_features_27,direct_mapped,0,16384,kw,32,0,0.000020
ptb,vgg16_T4_all,layer_08_features_27,direct_mapped,0,32768,kw,32,0,0.000839
ptb,vgg16_T4_all,layer_08_features_27,direct_mapped,0,65536,kw,32,0,0.000839
ptb,vgg16_T4_all,layer_08_features_27,set_associative,4,8192,kw,32,0,0.000000
ptb,vgg16_T4_all,layer_08_features_27,set_associative,4,16384,kw,32,0,0.000000
ptb,vgg16_T4_all,layer_08_features_27,set_associative,4,32768,kw,32,0,0.000000
ptb,vgg16_T4_all,layer_08_features_27,set_associative,4,65536,kw,32,0,0.057871
ptb,vgg16_T4_all,layer_08_features_27,set_associative,16,8192,kw,32,0,0.000000
ptb,vgg16_T4_all,layer_08_features_27,set_associative,16,16384,kw,32,0,0.000000
ptb,vgg16_T4_all,layer_08_features_27,set_associative,16,32768,kw,32,0,0.000000
ptb,vgg16_T4_all,layer_08_features_27,set_associative,16,65536,kw,32,0,0.004410
ptb,vgg16_T4_all,layer_08_features_27,set_associative,32,8192,kw,32,0,0.000000
ptb,vgg16_T4_all,layer_08_features_27,set_associative,32,16384,kw,32,0,0.000000
ptb,vgg16_T4_all,layer_08_features_27,set_associative,32,32768,kw,32,0,0.000000
ptb,vgg16_T4_all,layer_08_features_27,set_associative,32,65536,kw,32,0,0.000222
ptb,vgg16_T4_all,layer_08_features_27,direct_mapped,0,8192,cin,32,0,0.916445
ptb,vgg16_T4_all,layer_08_features_27,direct_mapped,0,16384,cin,32,0,0.916445
ptb,vgg16_T4_all,layer_08_features_27,direct_mapped,0,32768,cin,32,0,0.916445
ptb,vgg16_T4_all,layer_08_features_27,direct_mapped,0,65536,cin,32,0,0.916445
ptb,vgg16_T4_all,layer_08_features_27,set_associative,4,8192,cin,32,0,0.916732
ptb,vgg16_T4_all,layer_08_features_27,set_associative,4,16384,cin,32,0,0.916732
ptb,vgg16_T4_all,layer_08_features_27,set_associative,4,32768,cin,32,0,0.916732
ptb,vgg16_T4_all,layer_08_features_27,set_associative,4,65536,cin,32,0,0.916732
ptb,vgg16_T4_all,layer_08_features_27,set_associative,16,8192,cin,32,0,0.916379
ptb,vgg16_T4_all,layer_08_features_27,set_associative,16,16384,cin,32,0,0.918417
ptb,vgg16_T4_all,layer_08_features_27,set_associative,16,32768,cin,32,0,0.918417
ptb,vgg16_T4_all,layer_08_features_27,set_associative,16,65536,cin,32,0,0.918417
ptb,vgg16_T4_all,layer_08_features_27,set_associative,32,8192,cin,32,0,0.916379
ptb,vgg16_T4_all,layer_08_features_27,set_associative,32,16384,cin,32,0,0.916379
ptb,vgg16_T4_all,layer_08_features_27,set_associative,32,32768,cin,32,0,0.923696
ptb,vgg16_T4_all,layer_08_features_27,set_associative,32,65536,cin,32,0,0.923696
ptb,vgg16_T4_all,layer_08_features_27,direct_mapped,0,8192,cout,32,0,0.937730
ptb,vgg16_T4_all,layer_08_features_27,direct_mapped,0,16384,cout,32,0,0.939726
ptb,vgg16_T4_all,layer_08_features_27,direct_mapped,0,32768,cout,32,0,0.939788
ptb,vgg16_T4_all,layer_08_features_27,direct_mapped,0,65536,cout,32,0,0.939788
ptb,vgg16_T4_all,layer_08_features_27,set_associative,4,8192,cout,32,0,0.937595
ptb,vgg16_T4_all,layer_08_features_27,set_associative,4,16384,cout,32,0,0.938192
ptb,vgg16_T4_all,layer_08_features_27,set_associative,4,32768,cout,32,0,0.946058
ptb,vgg16_T4_all,layer_08_features_27,set_associative,4,65536,cout,32,0,0.967403
ptb,vgg16_T4_all,layer_08_features_27,set_associative,16,8192,cout,32,0,0.937621
ptb,vgg16_T4_all,layer_08_features_27,set_associative,16,16384,cout,32,0,0.937792
ptb,vgg16_T4_all,layer_08_features_27,set_associative,16,32768,cout,32,0,0.943807
ptb,vgg16_T4_all,layer_08_features_27,set_associative,16,65536,cout,32,0,0.971069
ptb,vgg16_T4_all,layer_08_features_27,set_associative,32,8192,cout,32,0,0.937622
ptb,vgg16_T4_all,layer_08_features_27,set_associative,32,16384,cout,32,0,0.937727
ptb,vgg16_T4_all,layer_08_features_27,set_associative,32,32768,cout,32,0,0.943024
ptb,vgg16_T4_all,layer_08_features_27,set_associative,32,65536,cout,32,0,0.972064
ptb,vgg16_T4_all,layer_08_features_27,direct_mapped,0,8192,kh,64,0,0.000000
ptb,vgg16_T4_all,layer_08_features_27,direct_mapped,0,16384,kh,64,0,0.000000
ptb,vgg16_T4_all,layer_08_features_27,direct_mapped,0,32768,kh,64,0,0.000000
ptb,vgg16_T4_all,layer_08_features_27,direct_mapped,0,65536,kh,64,0,0.000176
ptb,vgg16_T4_all,layer_08_features_27,set_associative,4,8192,kh,64,0,0.000000
ptb,vgg16_T4_all,layer_08_features_27,set_associative,4,16384,kh,64,0,0.000000
ptb,vgg16_T4_all,layer_08_features_27,set_associative,4,32768,kh,64,0,0.000000
ptb,vgg16_T4_all,layer_08_features_27,set_associative,4,65536,kh,64,0,0.000000
ptb,vgg16_T4_all,layer_08_features_27,set_associative,16,8192,kh,64,0,0.000000
ptb,vgg16_T4_all,layer_08_features_27,set_associative,16,16384,kh,64,0,0.000000
ptb,vgg16_T4_all,layer_08_features_27,set_associative,16,32768,kh,64,0,0.000000
ptb,vgg16_T4_all,layer_08_features_27,set_associative,16,65536,kh,64,0,0.000000
ptb,vgg16_T4_all,layer_08_features_27,set_associative,32,8192,kh,64,0,0.000000
ptb,vgg16_T4_all,layer_08_features_27,set_associative,32,16384,kh,64,0,0.000000
ptb,vgg16_T4_all,layer_08_features_27,set_associative,32,32768,kh,64,0,0.000000
ptb,vgg16_T4_all,layer_08_features_27,set_associative,32,65536,kh,64,0,0.000000
ptb,vgg16_T4_all,layer_08_features_27,direct_mapped,0,8192,kw,64,0,0.000000
ptb,vgg16_T4_all,layer_08_features_27,direct_mapped,0,16384,kw,64,0,0.000000
ptb,vgg16_T4_all,layer_08_features_27,direct_mapped,0,32768,kw,64,0,0.000020
ptb,vgg16_T4_all,layer_08_features_27,direct_mapped,0,65536,kw,64,0,0.000839
ptb,vgg16_T4_all,layer_08_features_27,set_associative,4,8192,kw,64,0,0.000000
ptb,vgg16_T4_all,layer_08_features_27,set_associative,4,16384,kw,64,0,0.000000
ptb,vgg16_T4_all,layer_08_features_27,set_associative,4,32768,kw,64,0,0.000000
ptb,vgg16_T4_all,layer_08_features_27,set_associative,4,65536,kw,64,0,0.000000
ptb,vgg16_T4_all,layer_08_features_27,set_associative,16,8192,kw,64,0,0.000000
ptb,vgg16_T4_all,layer_08_features_27,set_associative,16,16384,kw,64,0,0.000000
ptb,vgg16_T4_all,layer_08_features_27,set_associative,16,32768,kw,64,0,0.000000
ptb,vgg16_T4_all,layer_08_features_27,set_associative,16,65536,kw,64,0,0.000000
ptb,vgg16_T4_all,layer_08_features_27,set_associative,32,8192,kw,64,0,0.000000
ptb,vgg16_T4_all,layer_08_features_27,set_associative,32,16384,kw,64,0,0.000000
ptb,vgg16_T4_all,layer_08_features_27,set_associative,32,32768,kw,64,0,0.000000
ptb,vgg16_T4_all,layer_08_features_27,set_associative,32,65536,kw,64,0,0.000000
ptb,vgg16_T4_all,layer_08_features_27,direct_mapped,0,8192,cin,64,0,0.958255
ptb,vgg16_T4_all,layer_08_features_27,direct_mapped,0,16384,cin,64,0,0.958255
ptb,vgg16_T4_all,layer_08_features_27,direct_mapped,0,32768,cin,64,0,0.958255
ptb,vgg16_T4_all,layer_08_features_27,direct_mapped,0,65536,cin,64,0,0.958255
ptb,vgg16_T4_all,layer_08_features_27,set_associative,4,8192,cin,64,0,0.958542
ptb,vgg16_T4_all,layer_08_features_27,set_associative,4,16384,cin,64,0,0.958542
ptb,vgg16_T4_all,layer_08_features_27,set_associative,4,32768,cin,64,0,0.958542
ptb,vgg16_T4_all,layer_08_features_27,set_associative,4,65536,cin,64,0,0.958542
ptb,vgg16_T4_all,layer_08_features_27,set_associative,16,8192,cin,64,0,0.958190
ptb,vgg16_T4_all,layer_08_features_27,set_associative,16,16384,cin,64,0,0.958190
ptb,vgg16_T4_all,layer_08_features_27,set_associative,16,32768,cin,64,0,0.960228
ptb,vgg16_T4_all,layer_08_features_27,set_associative,16,65536,cin,64,0,0.960228
ptb,vgg16_T4_all,layer_08_features_27,set_associative,32,8192,cin,64,0,0.958190
ptb,vgg16_T4_all,layer_08_features_27,set_associative,32,16384,cin,64,0,0.958190
ptb,vgg16_T4_all,layer_08_features_27,set_associative,32,32768,cin,64,0,0.959444
ptb,vgg16_T4_all,layer_08_features_27,set_associative,32,65536,cin,64,0,0.965676
ptb,vgg16_T4_all,layer_08_features_27,direct_mapped,0,8192,cout,64,0,0.937550
ptb,vgg16_T4_all,layer_08_features_27,direct_mapped,0,16384,cout,64,0,0.937764
ptb,vgg16_T4_all,layer_08_features_27,direct_mapped,0,32768,cout,64,0,0.939817
ptb,vgg16_T4_all,layer_08_features_27,direct_mapped,0,65536,cout,64,0,0.939882
ptb,vgg16_T4_all,layer_08_features_27,set_associative,4,8192,cout,64,0,0.937542
ptb,vgg16_T4_all,layer_08_features_27,set_associative,4,16384,cout,64,0,0.937642
ptb,vgg16_T4_all,layer_08_features_27,set_associative,4,32768,cout,64,0,0.938256
ptb,vgg16_T4_all,layer_08_features_27,set_associative,4,65536,cout,64,0,0.946230
ptb,vgg16_T4_all,layer_08_features_27,set_associative,16,8192,cout,64,0,0.937502
ptb,vgg16_T4_all,layer_08_features_27,set_associative,16,16384,cout,64,0,0.937681
ptb,vgg16_T4_all,layer_08_features_27,set_associative,16,32768,cout,64,0,0.937854
ptb,vgg16_T4_all,layer_08_features_27,set_associative,16,65536,cout,64,0,0.943945
ptb,vgg16_T4_all,layer_08_features_27,set_associative,32,8192,cout,64,0,0.937500
ptb,vgg16_T4_all,layer_08_features_27,set_associative,32,16384,cout,64,0,0.937684
ptb,vgg16_T4_all,layer_08_features_27,set_associative,32,32768,cout,64,0,0.937788
ptb,vgg16_T4_all,layer_08_features_27,set_associative,32,65536,cout,64,0,0.943164
ptb,vgg16_T4_all,layer_08_features_27,direct_mapped,0,8192,kh,16,1,0.000003
ptb,vgg16_T4_all,layer_08_features_27,direct_mapped,0,16384,kh,16,1,0.000181
ptb,vgg16_T4_all,layer_08_features_27,direct_mapped,0,32768,kh,16,1,0.000181
ptb,vgg16_T4_all,layer_08_features_27,direct_mapped,0,65536,kh,16,1,0.000181
ptb,vgg16_T4_all,layer_08_features_27,set_associative,4,8192,kh,16,1,0.000000
ptb,vgg16_T4_all,layer_08_features_27,set_associative,4,16384,kh,16,1,0.000000
ptb,vgg16_T4_all,layer_08_features_27,set_associative,4,32768,kh,16,1,0.000175
ptb,vgg16_T4_all,layer_08_features_27,set_associative,4,65536,kh,16,1,0.001575
ptb,vgg16_T4_all,layer_08_features_27,set_associative,16,8192,kh,16,1,0.000000
ptb,vgg16_T4_all,layer_08_features_27,set_associative,16,16384,kh,16,1,0.000000
ptb,vgg16_T4_all,layer_08_features_27,set_associative,16,32768,kh,16,1,0.000000
ptb,vgg16_T4_all,layer_08_features_27,set_associative,16,65536,kh,16,1,0.003542
ptb,vgg16_T4_all,layer_08_features_27,set_associative,32,8192,kh,16,1,0.000000
ptb,vgg16_T4_all,layer_08_features_27,set_associative,32,16384,kh,16,1,0.000000
ptb,vgg16_T4_all,layer_08_features_27,set_associative,32,32768,kh,16,1,0.000000
ptb,vgg16_T4_all,layer_08_features_27,set_associative,32,65536,kh,16,1,0.000273
ptb,vgg16_T4_all,layer_08_features_27,direct_mapped,0,8192,kw,16,1,0.000172
ptb,vgg16_T4_all,layer_08_features_27,direct_mapped,0,16384,kw,16,1,0.000580
ptb,vgg16_T4_all,layer_08_features_27,direct_mapped,0,32768,kw,16,1,0.000580
ptb,vgg16_T4_all,layer_08_features_27,direct_mapped,0,65536,kw,16,1,0.000580
ptb,vgg16_T4_all,layer_08_features_27,set_associative,4,8192,kw,16,1,0.000000
ptb,vgg16_T4_all,layer_08_features_27,set_associative,4,16384,kw,16,1,0.000239
ptb,vgg16_T4_all,layer_08_features_27,set_associative,4,32768,kw,16,1,0.039947
ptb,vgg16_T4_all,layer_08_features_27,set_associative,4,65536,kw,16,1,0.045948
ptb,vgg16_T4_all,layer_08_features_27,set_associative,16,8192,kw,16,1,0.000000
ptb,vgg16_T4_all,layer_08_features_27,set_associative,16,16384,kw,16,1,0.000000
ptb,vgg16_T4_all,layer_08_features_27,set_associative,16,32768,kw,16,1,0.003033
ptb,vgg16_T4_all,layer_08_features_27,set_associative,16,65536,kw,16,1,0.388335
ptb,vgg16_T4_all,layer_08_features_27,set_associative,32,8192,kw,16,1,0.000000
ptb,vgg16_T4_all,layer_08_features_27,set_associative,32,16384,kw,16,1,0.000000
ptb,vgg16_T4_all,layer_08_features_27,set_associative,32,32768,kw,16,1,0.000203
ptb,vgg16_T4_all,layer_08_features_27,set_associative,32,65536,kw,16,1,0.426133
ptb,vgg16_T4_all,layer_08_features_27,direct_mapped,0,8192,cin,16,1,0.842890
ptb,vgg16_T4_all,layer_08_features_27,direct_mapped,0,16384,cin,16,1,0.842890
ptb,vgg16_T4_all,layer_08_features_27,direct_mapped,0,32768,cin,16,1,0.842890
ptb,vgg16_T4_all,layer_08_features_27,direct_mapped,0,65536,cin,16,1,0.842890
ptb,vgg16_T4_all,layer_08_features_27,set_associative,4,8192,cin,16,1,0.843161
ptb,vgg16_T4_all,layer_08_features_27,set_associative,4,16384,cin,16,1,0.843161
ptb,vgg16_T4_all,layer_08_features_27,set_associative,4,32768,cin,16,1,0.843161
ptb,vgg16_T4_all,layer_08_features_27,set_associative,4,65536,cin,16,1,0.843161
ptb,vgg16_T4_all,layer_08_features_27,set_associative,16,8192,cin,16,1,0.842829
ptb,vgg16_T4_all,layer_08_features_27,set_associative,16,16384,cin,16,1,0.844745
ptb,vgg16_T4_all,layer_08_features_27,set_associative,16,32768,cin,16,1,0.844745
ptb,vgg16_T4_all,layer_08_features_27,set_associative,16,65536,cin,16,1,0.844745
ptb,vgg16_T4_all,layer_08_features_27,set_associative,32,8192,cin,16,1,0.842829
ptb,vgg16_T4_all,layer_08_features_27,set_associative,32,16384,cin,16,1,0.842829
ptb,vgg16_T4_all,layer_08_features_27,set_associative,32,32768,cin,16,1,0.849705
ptb,vgg16_T4_all,layer_08_features_27,set_associative,32,65536,cin,16,1,0.849705
ptb,vgg16_T4_all,layer_08_features_27,direct_mapped,0,8192,cout,16,1,0.939271
ptb,vgg16_T4_all,layer_08_features_27,direct_mapped,0,16384,cout,16,1,0.939302
ptb,vgg16_T4_all,layer_08_features_27,direct_mapped,0,32768,cout,16,1,0.939302
ptb,vgg16_T4_all,layer_08_features_27,direct_mapped,0,65536,cout,16,1,0.939302
ptb,vgg16_T4_all,layer_08_features_27,set_associative,4,8192,cout,16,1,0.937930
ptb,vgg16_T4_all,layer_08_features_27,set_associative,4,16384,cout,16,1,0.944425
ptb,vgg16_T4_all,layer_08_features_27,set_associative,4,32768,cout,16,1,0.964594
ptb,vgg16_T4_all,layer_08_features_27,set_associative,4,65536,cout,16,1,0.964664
ptb,vgg16_T4_all,layer_08_features_27,set_associative,16,8192,cout,16,1,0.937574
ptb,vgg16_T4_all,layer_08_features_27,set_associative,16,16384,cout,16,1,0.942092
ptb,vgg16_T4_all,layer_08_features_27,set_associative,16,32768,cout,16,1,0.969303
ptb,vgg16_T4_all,layer_08_features_27,set_associative,16,65536,cout,16,1,0.987611
ptb,vgg16_T4_all,layer_08_features_27,set_associative,32,8192,cout,16,1,0.937503
ptb,vgg16_T4_all,layer_08_features_27,set_associative,32,16384,cout,16,1,0.941046
ptb,vgg16_T4_all,layer_08_features_27,set_associative,32,32768,cout,16,1,0.970451
ptb,vgg16_T4_all,layer_08_features_27,set_associative,32,65536,cout,16,1,0.987945
ptb,vgg16_T4_all,layer_08_features_27,direct_mapped,0,8192,kh,32,1,0.000000
ptb,vgg16_T4_all,layer_08_features_27,direct_mapped,0,16384,kh,32,1,0.000003
ptb,vgg16_T4_all,layer_08_features_27,direct_mapped,0,32768,kh,32,1,0.000181
ptb,vgg16_T4_all,layer_08_features_27,direct_mapped,0,65536,kh,32,1,0.000181
ptb,vgg16_T4_all,layer_08_features_27,set_associative,4,8192,kh,32,1,0.000000
ptb,vgg16_T4_all,layer_08_features_27,set_associative,4,16384,kh,32,1,0.000000
ptb,vgg16_T4_all,layer_08_features_27,set_associative,4,32768,kh,32,1,0.000000
ptb,vgg16_T4_all,layer_08_features_27,set_associative,4,65536,kh,32,1,0.000175
ptb,vgg16_T4_all,layer_08_features_27,set_associative,16,8192,kh,32,1,0.000000
ptb,vgg16_T4_all,layer_08_features_27,set_associative,16,16384,kh,32,1,0.000000
ptb,vgg16_T4_all,layer_08_features_27,set_associative,16,32768,kh,32,1,0.000000
ptb,vgg16_T4_all,layer_08_features_27,set_associative,16,65536,kh,32,1,0.000000
ptb,vgg16_T4_all,layer_08_features_27,set_associative,32,8192,kh,32,1,0.000000
ptb,vgg16_T4_all,layer_08_features_27,set_associative,32,16384,kh,32,1,0.000000
ptb,vgg16_T4_all,layer_08_features_27,set_associative,32,32768,kh,32,1,0.000000
ptb,vgg16_T4_all,layer_08_features_27,set_associative,32,65536,kh,32,1,0.000000
ptb,vgg16_T4_all,layer_08_features_27,direct_mapped,0,8192,kw,32,1,0.000000
ptb,vgg16_T4_all,layer_08_features_27,direct_mapped,0,16384,kw,32,1,0.000172
ptb,vgg16_T4_all,layer_08_features_27,direct_mapped,0,32768,kw,32,1,0.000580
ptb,vgg16_T4_all,layer_08_features_27,direct_mapped,0,65536,kw,32,1,0.000580
ptb,vgg16_T4_all,layer_08_features_27,set_associative,4,8192,kw,32,1,0.000000
ptb,vgg16_T4_all,layer_08_features_27,set_associative,4,16384,kw,32,1,0.000000
ptb,vgg16_T4_all,layer_08_features_27,set_associative,4,32768,kw,32,1,0.000239
ptb,vgg16_T4_all,layer_08_features_27,set_associative,4,65536,kw,32,1,0.039947
ptb,vgg16_T4_all,layer_08_features_27,set_associative,16,8192,kw,32,1,0.000000
ptb,vgg16_T4_all,layer_08_features_27,set_associative,16,16384,kw,32,1,0.000000
ptb,vgg16_T4_all,layer_08_features_27,set_associative,16,32768,kw,32,1,0.000000
ptb,vgg16_T4_all,layer_08_features_27,set_associative,16,65536,kw,32,1,0.003033
ptb,vgg16_T4_all,layer_08_features_27,set_associative,32,8192,kw,32,1,0.000000
ptb,vgg16_T4_all,layer_08_features_27,set_associative,32,16384,kw,32,1,0.000000
ptb,vgg16_T4_all,layer_08_features_27,set_associative,32,32768,kw,32,1,0.000000
ptb,vgg16_T4_all,layer_08_features_27,set_associative,32,65536,kw,32,1,0.000203
ptb,vgg16_T4_all,layer_08_features_27,direct_mapped,0,8192,cin,32,1,0.921476
ptb,vgg16_T4_all,layer_08_features_27,direct_mapped,0,16384,cin,32,1,0.921476
ptb,vgg16_T4_all,layer_08_features_27,direct_mapped,0,32768,cin,32,1,0.921476
ptb,vgg16_T4_all,layer_08_features_27,direct_mapped,0,65536,cin,32,1,0.921476
ptb,vgg16_T4_all,layer_08_features_27,set_associative,4,8192,cin,32,1,0.921746
ptb,vgg16_T4_all,layer_08_features_27,set_associative,4,16384,cin,32,1,0.921746
ptb,vgg16_T4_all,layer_08_features_27,set_associative,4,32768,cin,32,1,0.921746
ptb,vgg16_T4_all,layer_08_features_27,set_associative,4,65536,cin,32,1,0.921746
ptb,vgg16_T4_all,layer_08_features_27,set_associative,16,8192,cin,32,1,0.921415
ptb,vgg16_T4_all,layer_08_features_27,set_associative,16,16384,cin,32,1,0.923330
ptb,vgg16_T4_all,layer_08_features_27,set_associative,16,32768,cin,32,1,0.923330
ptb,vgg16_T4_all,layer_08_features_27,set_associative,16,65536,cin,32,1,0.923330
ptb,vgg16_T4_all,layer_08_features_27,set_associative,32,8192,cin,32,1,0.921415
ptb,vgg16_T4_all,layer_08_features_27,set_associative,32,16384,cin,32,1,0.921415
ptb,vgg16_T4_all,layer_08_features_27,set_associative,32,32768,cin,32,1,0.928291
ptb,vgg16_T4_all,layer_08_features_27,set_associative,32,65536,cin,32,1,0.928291
ptb,vgg16_T4_all,layer_08_features_27,direct_mapped,0,8192,cout,32,1,0.937756
ptb,vgg16_T4_all,layer_08_features_27,direct_mapped,0,16384,cout,32,1,0.939474
ptb,vgg16_T4_all,layer_08_features_27,direct_mapped,0,32768,cout,32,1,0.939511
ptb,vgg16_T4_all,layer_08_features_27,direct_mapped,0,65536,cout,32,1,0.939511
ptb,vgg16_T4_all,layer_08_features_27,set_associative,4,8192,cout,32,1,0.937635
ptb,vgg16_T4_all,layer_08_features_27,set_associative,4,16384,cout,32,1,0.938097
ptb,vgg16_T4_all,layer_08_features_27,set_associative,4,32768,cout,32,1,0.944738
ptb,vgg16_T4_all,layer_08_features_27,set_associative,4,65536,cout,32,1,0.965895
ptb,vgg16_T4_all,layer_08_features_27,set_associative,16,8192,cout,32,1,0.937632
ptb,vgg16_T4_all,layer_08_features_27,set_associative,16,16384,cout,32,1,0.937735
ptb,vgg16_T4_all,layer_08_features_27,set_associative,16,32768,cout,32,1,0.942384
ptb,vgg16_T4_all,layer_08_features_27,set_associative,16,65536,cout,32,1,0.970354
ptb,vgg16_T4_all,layer_08_features_27,set_associative,32,8192,cout,32,1,0.937652
ptb,vgg16_T4_all,layer_08_features_27,set_associative,32,16384,cout,32,1,0.937664
ptb,vgg16_T4_all,layer_08_features_27,set_associative,32,32768,cout,32,1,0.941303
ptb,vgg16_T4_all,layer_08_features_27,set_associative,32,65536,cout,32,1,0.971434
ptb,vgg16_T4_all,layer_08_features_27,direct_mapped,0,8192,kh,64,1,0.000000
ptb,vgg16_T4_all,layer_08_features_27,direct_mapped,0,16384,kh,64,1,0.000000
ptb,vgg16_T4_all,layer_08_features_27,direct_mapped,0,32768,kh,64,1,0.000003
ptb,vgg16_T4_all,layer_08_features_27,direct_mapped,0,65536,kh,64,1,0.000181
ptb,vgg16_T4_all,layer_08_features_27,set_associative,4,8192,kh,64,1,0.000000
ptb,vgg16_T4_all,layer_08_features_27,set_associative,4,16384,kh,64,1,0.000000
ptb,vgg16_T4_all,layer_08_features_27,set_associative,4,32768,kh,64,1,0.000000
ptb,vgg16_T4_all,layer_08_features_27,set_associative,4,65536,kh,64,1,0.000000
ptb,vgg16_T4_all,layer_08_features_27,set_associative,16,8192,kh,64,1,0.000000
ptb,vgg16_T4_all,layer_08_features_27,set_associative,16,16384,kh,64,1,0.000000
ptb,vgg16_T4_all,layer_08_features_27,set_associative,16,32768,kh,64,1,0.000000
ptb,vgg16_T4_all,layer_08_features_27,set_associative,16,65536,kh,64,1,0.000000
ptb,vgg16_T4_all,layer_08_features_27,set_associative,32,8192,kh,64,1,0.000000
ptb,vgg16_T4_all,layer_08_features_27,set_associative,32,16384,kh,64,1,0.000000
ptb,vgg16_T4_all,layer_08_features_27,set_associative,32,32768,kh,64,1,0.000000
ptb,vgg16_T4_all,layer_08_features_27,set_associative,32,65536,kh,64,1,0.000000
ptb,vgg16_T4_all,layer_08_features_27,direct_mapped,0,8192,kw,64,1,0.000000
ptb,vgg16_T4_all,layer_08_features_27,direct_mapped,0,16384,kw,64,1,0.000000
ptb,vgg16_T4_all,layer_08_features_27,direct_mapped,0,32768,kw,64,1,0.000172
ptb,vgg16_T4_all,layer_08_features_27,direct_mapped,0,65536,kw,64,1,0.000580
ptb,vgg16_T4_all,layer_08_features_27,set_associative,4,8192,kw,64,1,0.000000
ptb,vgg16_T4_all,layer_08_features_27,set_associative,4,16384,kw,64,1,0.000000
ptb,vgg16_T4_all,layer_08_features_27,set_associative,4,32768,kw,64,1,0.000000
ptb,vgg16_T4_all,layer_08_features_27,set_associative,4,65536,kw,64,1,0.000239
ptb,vgg16_T4_all,layer_08_features_27,set_associative,16,8192,kw,64,1,0.000000
ptb,vgg16_T4_all,layer_08_features_27,set_associative,16,16384,kw,64,1,0.000000
ptb,vgg16_T4_all,layer_08_features_27,set_associative,16,32768,kw,64,1,0.000000
ptb,vgg16_T4_all,layer_08_features_27,set_associative,16,65536,kw,64,1,0.000000
ptb,vgg16_T4_all,layer_08_features_27,set_associative,32,8192,kw,64,1,0.000000
ptb,vgg16_T4_all,layer_08_features_27,set_associative,32,16384,kw,64,1,0.000000
ptb,vgg16_T4_all,layer_08_features_27,set_associative,32,32768,kw,64,1,0.000000
ptb,vgg16_T4_all,layer_08_features_27,set_associative,32,65536,kw,64,1,0.000000
ptb,vgg16_T4_all,layer_08_features_27,direct_mapped,0,8192,cin,64,1,0.960769
ptb,vgg16_T4_all,layer_08_features_27,direct_mapped,0,16384,cin,64,1,0.960769
ptb,vgg16_T4_all,layer_08_features_27,direct_mapped,0,32768,cin,64,1,0.960769
ptb,vgg16_T4_all,layer_08_features_27,direct_mapped,0,65536,cin,64,1,0.960769
ptb,vgg16_T4_all,layer_08_features_27,set_associative,4,8192,cin,64,1,0.961039
ptb,vgg16_T4_all,layer_08_features_27,set_associative,4,16384,cin,64,1,0.961039
ptb,vgg16_T4_all,layer_08_features_27,set_associative,4,32768,cin,64,1,0.961039
ptb,vgg16_T4_all,layer_08_features_27,set_associative,4,65536,cin,64,1,0.961039
ptb,vgg16_T4_all,layer_08_features_27,set_associative,16,8192,cin,64,1,0.960707
ptb,vgg16_T4_all,layer_08_features_27,set_associative,16,16384,cin,64,1,0.960707
ptb,vgg16_T4_all,layer_08_features_27,set_associative,16,32768,cin,64,1,0.962623
ptb,vgg16_T4_all,layer_08_features_27,set_associative,16,65536,cin,64,1,0.962623
ptb,vgg16_T4_all,layer_08_features_27,set_associative,32,8192,cin,64,1,0.960707
ptb,vgg16_T4_all,layer_08_features_27,set_associative,32,16384,cin,64,1,0.960707
ptb,vgg16_T4_all,layer_08_features_27,set_associative,32,32768,cin,64,1,0.961886
ptb,vgg16_T4_all,layer_08_features_27,set_associative,32,65536,cin,64,1,0.967743
ptb,vgg16_T4_all,layer_08_features_27,direct_mapped,0,8192,cout,64,1,0.937561
ptb,vgg16_T4_all,layer_08_features_27,direct_mapped,0,16384,cout,64,1,0.937809
ptb,vgg16_T4_all,layer_08_features_27,direct_mapped,0,32768,cout,64,1,0.939575
ptb,vgg16_T4_all,layer_08_features_27,direct_mapped,0,65536,cout,64,1,0.939615
ptb,vgg16_T4_all,layer_08_features_27,set_associative,4,8192,cout,64,1,0.937514
ptb,vgg16_T4_all,layer_08_features_27,set_associative,4,16384,cout,64,1,0.937700
ptb,vgg16_T4_all,layer_08_features_27,set_associative,4,32768,cout,64,1,0.938181
ptb,vgg16_T4_all,layer_08_features_27,set_associative,4,65536,cout,64,1,0.944895
ptb,vgg16_T4_all,layer_08_features_27,set_associative,16,8192,cout,64,1,0.937500
ptb,vgg16_T4_all,layer_08_features_27,set_associative,16,16384,cout,64,1,0.937698
ptb,vgg16_T4_all,layer_08_features_27,set_associative,16,32768,cout,64,1,0.937815
ptb,vgg16_T4_all,layer_08_features_27,set_associative,16,65536,cout,64,1,0.942530
ptb,vgg16_T4_all,layer_08_features_27,set_associative,32,8192,cout,64,1,0.937500
ptb,vgg16_T4_all,layer_08_features_27,set_associative,32,16384,cout,64,1,0.937728
ptb,vgg16_T4_all,layer_08_features_27,set_associative,32,32768,cout,64,1,0.937745
ptb,vgg16_T4_all,layer_08_features_27,set_associative,32,65536,cout,64,1,0.941432
ptb,vgg16_T4_all,layer_08_features_27,direct_mapped,0,8192,kh,16,2,0.000000
ptb,vgg16_T4_all,layer_08_features_27,direct_mapped,0,16384,kh,16,2,0.000179
ptb,vgg16_T4_all,layer_08_features_27,direct_mapped,0,32768,kh,16,2,0.000179
ptb,vgg16_T4_all,layer_08_features_27,direct_mapped,0,65536,kh,16,2,0.000179
ptb,vgg16_T4_all,layer_08_features_27,set_associative,4,8192,kh,16,2,0.000000
ptb,vgg16_T4_all,layer_08_features_27,set_associative,4,16384,kh,16,2,0.000000
ptb,vgg16_T4_all,layer_08_features_27,set_associative,4,32768,kh,16,2,0.000268
ptb,vgg16_T4_all,layer_08_features_27,set_associative,4,65536,kh,16,2,0.002003
ptb,vgg16_T4_all,layer_08_features_27,set_associative,16,8192,kh,16,2,0.000000
ptb,vgg16_T4_all,layer_08_features_27,set_associative,16,16384,kh,16,2,0.000000
ptb,vgg16_T4_all,layer_08_features_27,set_associative,16,32768,kh,16,2,0.000000
ptb,vgg16_T4_all,layer_08_features_27,set_associative,16,65536,kh,16,2,0.003728
ptb,vgg16_T4_all,layer_08_features_27,set_associative,32,8192,kh,16,2,0.000000
ptb,vgg16_T4_all,layer_08_features_27,set_associative,32,16384,kh,16,2,0.000000
ptb,vgg16_T4_all,layer_08_features_27,set_associative,32,32768,kh,16,2,0.000000
ptb,vgg16_T4_all,layer_08_features_27,set_associative,32,65536,kh,16,2,0.001005
ptb,vgg16_T4_all,layer_08_features_27,direct_mapped,0,8192,kw,16,2,0.000305
ptb,vgg16_T4_all,layer_08_features_27,direct_mapped,0,16384,kw,16,2,0.001288
ptb,vgg16_T4_all,layer_08_features_27,direct_mapped,0,32768,kw,16,2,0.001288
ptb,vgg16_T4_all,layer_08_features_27,direct_mapped,0,65536,kw,16,2,0.001288
ptb,vgg16_T4_all,layer_08_features_27,set_associative,4,8192,kw,16,2,0.000000
ptb,vgg16_T4_all,layer_08_features_27,set_associative,4,16384,kw,16,2,0.000076
ptb,vgg16_T4_all,layer_08_features_27,set_associative,4,32768,kw,16,2,0.048667
ptb,vgg16_T4_all,layer_08_features_27,set_associative,4,65536,kw,16,2,0.056004
ptb,vgg16_T4_all,layer_08_features_27,set_associative,16,8192,kw,16,2,0.000000
ptb,vgg16_T4_all,layer_08_features_27,set_associative,16,16384,kw,16,2,0.000000
ptb,vgg16_T4_all,layer_08_features_27,set_associative,16,32768,kw,16,2,0.004582
ptb,vgg16_T4_all,layer_08_features_27,set_associative,16,65536,kw,16,2,0.432673
ptb,vgg16_T4_all,layer_08_features_27,set_associative,32,8192,kw,16,2,0.000000
ptb,vgg16_T4_all,layer_08_features_27,set_associative,32,16384,kw,16,2,0.000000
ptb,vgg16_T4_all,layer_08_features_27,set_associative,32,32768,kw,16,2,0.000976
ptb,vgg16_T4_all,layer_08_features_27,set_associative,32,65536,kw,16,2,0.460733
ptb,vgg16_T4_all,layer_08_features_27,direct_mapped,0,8192,cin,16,2,0.838838
ptb,vgg16_T4_all,layer_08_features_27,direct_mapped,0,16384,cin,16,2,0.838838
ptb,vgg16_T4_all,layer_08_features_27,direct_mapped,0,32768,cin,16,2,0.838838
ptb,vgg16_T4_all,layer_08_features_27,direct_mapped,0,65536,cin,16,2,0.838838
ptb,vgg16_T4_all,layer_08_features_27,set_associative,4,8192,cin,16,2,0.839115
ptb,vgg16_T4_all,layer_08_features_27,set_associative,4,16384,cin,16,2,0.839115
ptb,vgg16_T4_all,layer_08_features_27,set_associative,4,32768,cin,16,2,0.839115
ptb,vgg16_T4_all,layer_08_features_27,set_associative,4,65536,cin,16,2,0.839115
ptb,vgg16_T4_all,layer_08_features_27,set_associative,16,8192,cin,16,2,0.838775
ptb,vgg16_T4_all,layer_08_features_27,set_associative,16,16384,cin,16,2,0.840740
ptb,vgg16_T4_all,layer_08_features_27,set_associative,16,32768,cin,16,2,0.840740
ptb,vgg16_T4_all,layer_08_features_27,set_associative,16,65536,cin,16,2,0.840740
ptb,vgg16_T4_all,layer_08_features_27,set_associative,32,8192,cin,16,2,0.838775
ptb,vgg16_T4_all,layer_08_features_27,set_associative,32,16384,cin,16,2,0.838775
ptb,vgg16_T4_all,layer_08_features_27,set_associative,32,32768,cin,16,2,0.845828
ptb,vgg16_T4_all,layer_08_features_27,set_associative,32,65536,cin,16,2,0.845828
ptb,vgg16_T4_all,layer_08_features_27,direct_mapped,0,8192,cout,16,2,0.939563
ptb,vgg16_T4_all,layer_08_features_27,direct_mapped,0,16384,cout,16,2,0.939619
ptb,vgg16_T4_all,layer_08_features_27,direct_mapped,0,32768,cout,16,2,0.939619
ptb,vgg16_T4_all,layer_08_features_27,direct_mapped,0,65536,cout,16,2,0.939619
ptb,vgg16_T4_all,layer_08_features_27,set_associative,4,8192,cout,16,2,0.937998
ptb,vgg16_T4_all,layer_08_features_27,set_associative,4,16384,cout,16,2,0.944579
ptb,vgg16_T4_all,layer_08_features_27,set_associative,4,32768,cout,16,2,0.965337
ptb,vgg16_T4_all,layer_08_features_27,set_associative,4,65536,cout,16,2,0.965409
ptb,vgg16_T4_all,layer_08_features_27,set_associative,16,8192,cout,16,2,0.937651
ptb,vgg16_T4_all,layer_08_features_27,set_associative,16,16384,cout,16,2,0.942567
ptb,vgg16_T4_all,layer_08_features_27,set_associative,16,32768,cout,16,2,0.969732
ptb,vgg16_T4_all,layer_08_features_27,set_associative,16,65536,cout,16,2,0.987288
ptb,vgg16_T4_all,layer_08_features_27,set_associative,32,8192,cout,16,2,0.937601
ptb,vgg16_T4_all,layer_08_features_27,set_associative,32,16384,cout,16,2,0.941534
ptb,vgg16_T4_all,layer_08_features_27,set_associative,32,32768,cout,16,2,0.970535
ptb,vgg16_T4_all,layer_08_features_27,set_associative,32,65536,cout,16,2,0.987596
ptb,vgg16_T4_all,layer_08_features_27,direct_mapped,0,8192,kh,32,2,0.000000
ptb,vgg16_T4_all,layer_08_features_27,direct_mapped,0,16384,kh,32,2,0.000000
ptb,vgg16_T4_all,layer_08_features_27,direct_mapped,0,32768,kh,32,2,0.000179
ptb,vgg16_T4_all,layer_08_features_27,direct_mapped,0,65536,kh,32,2,0.000179
ptb,vgg16_T4_all,layer_08_features_27,set_associative,4,8192,kh,32,2,0.000000
ptb,vgg16_T4_all,layer_08_features_27,set_associative,4,16384,kh,32,2,0.000000
ptb,vgg16_T4_all,layer_08_features_27,set_associative,4,32768,kh,32,2,0.000000
ptb,vgg16_T4_all,layer_08_features_27,set_associative,4,65536,kh,32,2,0.000268
ptb,vgg16_T4_all,layer_08_features_27,set_associative,16,8192,kh,32,2,0.000000
ptb,vgg16_T4_all,layer_08_features_27,set_associative,16,16384,kh,32,2,0.000000
ptb,vgg16_T4_all,layer_08_features_27,set_associative,16,32768,kh,32,2,0.000000
ptb,vgg16_T4_all,layer_08_features_27,set_associative,16,65536,kh,32,2,0.000000
ptb,vgg16_T4_all,layer_08_features_27,set_associative,32,8192,kh,32,2,0.000000
ptb,vgg16_T4_all,layer_08_features_27,set_associative,32,16384,kh,32,2,0.000000
ptb,vgg16_T4_all,layer_08_features_27,set_associative,32,32768,kh,32,2,0.000000
ptb,vgg16_T4_all,layer_08_features_27,set_associative,32,65536,kh,32,2,0.000000
ptb,vgg16_T4_all,layer_08_features_27,direct_mapped,0,8192,kw,32,2,0.000000
ptb,vgg16_T4_all,layer_08_features_27,direct_mapped,0,16384,kw,32,2,0.000305
ptb,vgg16_T4_all,layer_08_features_27,direct_mapped,0,32768,kw,32,2,0.001288
ptb,vgg16_T4_all,layer_08_features_27,direct_mapped,0,65536,kw,32,2,0.001288
ptb,vgg16_T4_all,layer_08_features_27,set_associative,4,8192,kw,32,2,0.000000
ptb,vgg16_T4_all,layer_08_features_27,set_associative,4,16384,kw,32,2,0.000000
ptb,vgg16_T4_all,layer_08_features_27,set_associative,4,32768,kw,32,2,0.000076
ptb,vgg16_T4_all,layer_08_features_27,set_associative,4,65536,kw,32,2,0.048667
ptb,vgg16_T4_all,layer_08_features_27,set_associative,16,8192,kw,32,2,0.000000
ptb,vgg16_T4_all,layer_08_features_27,set_associative,16,16384,kw,32,2,0.000000
ptb,vgg16_T4_all,layer_08_features_27,set_associative,16,32768,kw,32,2,0.000000
ptb,vgg16_T4_all,layer_08_features_27,set_associative,16,65536,kw,32,2,0.004582
ptb,vgg16_T4_all,layer_08_features_27,set_associative,32,8192,kw,32,2,0.000000
ptb,vgg16_T4_all,layer_08_features_27,set_associative,32,16384,kw,32,2,0.000000
ptb,vgg16_T4_all,layer_08_features_27,set_associative,32,32768,kw,32,2,0.000000
ptb,vgg16_T4_all,layer_08_features_27,set_associative,32,65536,kw,32,2,0.000976
ptb,vgg16_T4_all,layer_08_features_27,direct_mapped,0,8192,cin,32,2,0.919450
ptb,vgg16_T4_all,layer_08_features_27,direct_mapped,0,16384,cin,32,2,0.919450
ptb,vgg16_T4_all,layer_08_features_27,direct_mapped,0,32768,cin,32,2,0.919450
ptb,vgg16_T4_all,layer_08_features_27,direct_mapped,0,65536,cin,32,2,0.919450
ptb,vgg16_T4_all,layer_08_features_27,set_associative,4,8192,cin,32,2,0.919727
ptb,vgg16_T4_all,layer_08_features_27,set_associative,4,16384,cin,32,2,0.919727
ptb,vgg16_T4_all,layer_08_features_27,set_associative,4,32768,cin,32,2,0.919727
ptb,vgg16_T4_all,layer_08_features_27,set_associative,4,65536,cin,32,2,0.919727
ptb,vgg16_T4_all,layer_08_features_27,set_associative,16,8192,cin,32,2,0.919387
ptb,vgg16_T4_all,layer_08_features_27,set_associative,16,16384,cin,32,2,0.921352
ptb,vgg16_T4_all,layer_08_features_27,set_associative,16,32768,cin,32,2,0.921352
ptb,vgg16_T4_all,layer_08_features_27,set_associative,16,65536,cin,32,2,0.921352
ptb,vgg16_T4_all,layer_08_features_27,set_associative,32,8192,cin,32,2,0.919387
ptb,vgg16_T4_all,layer_08_features_27,set_associative,32,16384,cin,32,2,0.919387
ptb,vgg16_T4_all,layer_08_features_27,set_associative,32,32768,cin,32,2,0.926441
ptb,vgg16_T4_all,layer_08_features_27,set_associative,32,65536,cin,32,2,0.926441
ptb,vgg16_T4_all,layer_08_features_27,direct_mapped,0,8192,cout,32,2,0.937761
ptb,vgg16_T4_all,layer_08_features_27,direct_mapped,0,16384,cout,32,2,0.939736
ptb,vgg16_T4_all,layer_08_features_27,direct_mapped,0,32768,cout,32,2,0.939797
ptb,vgg16_T4_all,layer_08_features_27,direct_mapped,0,65536,cout,32,2,0.939797
ptb,vgg16_T4_all,layer_08_features_27,set_associative,4,8192,cout,32,2,0.937585
ptb,vgg16_T4_all,layer_08_features_27,set_associative,4,16384,cout,32,2,0.938130
ptb,vgg16_T4_all,layer_08_features_27,set_associative,4,32768,cout,32,2,0.944850
ptb,vgg16_T4_all,layer_08_features_27,set_associative,4,65536,cout,32,2,0.966448
ptb,vgg16_T4_all,layer_08_features_27,set_associative,16,8192,cout,32,2,0.937618
ptb,vgg16_T4_all,layer_08_features_27,set_associative,16,16384,cout,32,2,0.937777
ptb,vgg16_T4_all,layer_08_features_27,set_associative,16,32768,cout,32,2,0.942793
ptb,vgg16_T4_all,layer_08_features_27,set_associative,16,65536,cout,32,2,0.970617
ptb,vgg16_T4_all,layer_08_features_27,set_associative,32,8192,cout,32,2,0.937623
ptb,vgg16_T4_all,layer_08_features_27,set_associative,32,16384,cout,32,2,0.937727
ptb,vgg16_T4_all,layer_08_features_27,set_associative,32,32768,cout,32,2,0.941743
ptb,vgg16_T4_all,layer_08_features_27,set_associative,32,65536,cout,32,2,0.971376
ptb,vgg16_T4_all,layer_08_features_27,direct_mapped,0,8192,kh,64,2,0.000000
ptb,vgg16_T4_all,layer_08_features_27,direct_mapped,0,16384,kh,64,2,0.000000
ptb,vgg16_T4_all,layer_08_features_27,direct_mapped,0,32768,kh,64,2,0.000000
ptb,vgg16_T4_all,layer_08_features_27,direct_mapped,0,65536,kh,64,2,0.000179
ptb,vgg16_T4_all,layer_08_features_27,set_associative,4,8192,kh,64,2,0.000000
ptb,vgg16_T4_all,layer_08_features_27,set_associative,4,16384,kh,64,2,0.000000
ptb,vgg16_T4_all,layer_08_features_27,set_associative,4,32768,kh,64,2,0.000000
ptb,vgg16_T4_all,layer_08_features_27,set_associative,4,65536,kh,64,2,0.000000
ptb,vgg16_T4_all,layer_08_features_27,set_associative,16,8192,kh,64,2,0.000000
ptb,vgg16_T4_all,layer_08_features_27,set_associative,16,16384,kh,64,2,0.000000
ptb,vgg16_T4_all,layer_08_features_27,set_associative,16,32768,kh,64,2,0.000000
ptb,vgg16_T4_all,layer_08_features_27,set_associative,16,65536,kh,64,2,0.000000
ptb,vgg16_T4_all,layer_08_features_27,set_associative,32,8192,kh,64,2,0.000000
ptb,vgg16_T4_all,layer_08_features_27,set_associative,32,16384,kh,64,2,0.000000
ptb,vgg16_T4_all,layer_08_features_27,set_associative,32,32768,kh,64,2,0.000000
ptb,vgg16_T4_all,layer_08_features_27,set_associative,32,65536,kh,64,2,0.000000
ptb,vgg16_T4_all,layer_08_features_27,direct_mapped,0,8192,kw,64,2,0.000000
ptb,vgg16_T4_all,layer_08_features_27,direct_mapped,0,16384,kw,64,2,0.000000
ptb,vgg16_T4_all,layer_08_features_27,direct_mapped,0,32768,kw,64,2,0.000305
ptb,vgg16_T4_all,layer_08_features_27,direct_mapped,0,65536,kw,64,2,0.001288
ptb,vgg16_T4_all,layer_08_features_27,set_associative,4,8192,kw,64,2,0.000000
ptb,vgg16_T4_all,layer_08_features_27,set_associative,4,16384,kw,64,2,0.000000
ptb,vgg16_T4_all,layer_08_features_27,set_associative,4,32768,kw,64,2,0.000000
ptb,vgg16_T4_all,layer_08_features_27,set_associative,4,65536,kw,64,2,0.000076
ptb,vgg16_T4_all,layer_08_features_27,set_associative,16,8192,kw,64,2,0.000000
ptb,vgg16_T4_all,layer_08_features_27,set_associative,16,16384,kw,64,2,0.000000
ptb,vgg16_T4_all,layer_08_features_27,set_associative,16,32768,kw,64,2,0.000000
ptb,vgg16_T4_all,layer_08_features_27,set_associative,16,65536,kw,64,2,0.000000
ptb,vgg16_T4_all,layer_08_features_27,set_associative,32,8192,kw,64,2,0.000000
ptb,vgg16_T4_all,layer_08_features_27,set_associative,32,16384,kw,64,2,0.000000
ptb,vgg16_T4_all,layer_08_features_27,set_associative,32,32768,kw,64,2,0.000000
ptb,vgg16_T4_all,layer_08_features_27,set_associative,32,65536,kw,64,2,0.000000
ptb,vgg16_T4_all,layer_08_features_27,direct_mapped,0,8192,cin,64,2,0.959757
ptb,vgg16_T4_all,layer_08_features_27,direct_mapped,0,16384,cin,64,2,0.959757
ptb,vgg16_T4_all,layer_08_features_27,direct_mapped,0,32768,cin,64,2,0.959757
ptb,vgg16_T4_all,layer_08_features_27,direct_mapped,0,65536,cin,64,2,0.959757
ptb,vgg16_T4_all,layer_08_features_27,set_associative,4,8192,cin,64,2,0.960034
ptb,vgg16_T4_all,layer_08_features_27,set_associative,4,16384,cin,64,2,0.960034
ptb,vgg16_T4_all,layer_08_features_27,set_associative,4,32768,cin,64,2,0.960034
ptb,vgg16_T4_all,layer_08_features_27,set_associative,4,65536,cin,64,2,0.960034
ptb,vgg16_T4_all,layer_08_features_27,set_associative,16,8192,cin,64,2,0.959694
ptb,vgg16_T4_all,layer_08_features_27,set_associative,16,16384,cin,64,2,0.959694
ptb,vgg16_T4_all,layer_08_features_27,set_associative,16,32768,cin,64,2,0.961659
ptb,vgg16_T4_all,layer_08_features_27,set_associative,16,65536,cin,64,2,0.961659
ptb,vgg16_T4_all,layer_08_features_27,set_associative,32,8192,cin,64,2,0.959694
ptb,vgg16_T4_all,layer_08_features_27,set_associative,32,16384,cin,64,2,0.959694
ptb,vgg16_T4_all,layer_08_features_27,set_associative,32,32768,cin,64,2,0.960903
ptb,vgg16_T4_all,layer_08_features_27,set_associative,32,65536,cin,64,2,0.966911
ptb,vgg16_T4_all,layer_08_features_27,direct_mapped,0,8192,cout,64,2,0.937554
ptb,vgg16_T4_all,layer_08_features_27,direct_mapped,0,16384,cout,64,2,0.937802
ptb,vgg16_T4_all,layer_08_features_27,direct_mapped,0,32768,cout,64,2,0.939822
ptb,vgg16_T4_all,layer_08_features_27,direct_mapped,0,65536,cout,64,2,0.939886
ptb,vgg16_T4_all,layer_08_features_27,set_associative,4,8192,cout,64,2,0.937519
ptb,vgg16_T4_all,layer_08_features_27,set_associative,4,16384,cout,64,2,0.937623
ptb,vgg16_T4_all,layer_08_features_27,set_associative,4,32768,cout,64,2,0.938196
ptb,vgg16_T4_all,layer_08_features_27,set_associative,4,65536,cout,64,2,0.944985
ptb,vgg16_T4_all,layer_08_features_27,set_associative,16,8192,cout,64,2,0.937500
ptb,vgg16_T4_all,layer_08_features_27,set_associative,16,16384,cout,64,2,0.937677
ptb,vgg16_T4_all,layer_08_features_27,set_associative,16,32768,cout,64,2,0.937840
ptb,vgg16_T4_all,layer_08_features_27,set_associative,16,65536,cout,64,2,0.942907
ptb,vgg16_T4_all,layer_08_features_27,set_associative,32,8192,cout,64,2,0.937500
ptb,vgg16_T4_all,layer_08_features_27,set_associative,32,16384,cout,64,2,0.937684
ptb,vgg16_T4_all,layer_08_features_27,set_associative,32,32768,cout,64,2,0.937790
ptb,vgg16_T4_all,layer_08_features_27,set_associative,32,65536,cout,64,2,0.941848
ptb,vgg16_T4_all,layer_08_features_27,direct_mapped,0,8192,kh,16,3,0.000000
ptb,vgg16_T4_all,layer_08_features_27,direct_mapped,0,16384,kh,16,3,0.000180
ptb,vgg16_T4_all,layer_08_features_27,direct_mapped,0,32768,kh,16,3,0.000180
ptb,vgg16_T4_all,layer_08_features_27,direct_mapped,0,65536,kh,16,3,0.000180
ptb,vgg16_T4_all,layer_08_features_27,set_associative,4,8192,kh,16,3,0.000000
ptb,vgg16_T4_all,layer_08_features_27,set_associative,4,16384,kh,16,3,0.000000
ptb,vgg16_T4_all,layer_08_features_27,set_associative,4,32768,kh,16,3,0.000142
ptb,vgg16_T4_all,layer_08_features_27,set_associative,4,65536,kh,16,3,0.001619
ptb,vgg16_T4_all,layer_08_features_27,set_associative,16,8192,kh,16,3,0.000000
ptb,vgg16_T4_all,layer_08_features_27,set_associative,16,16384,kh,16,3,0.000000
ptb,vgg16_T4_all,layer_08_features_27,set_associative,16,32768,kh,16,3,0.000000
ptb,vgg16_T4_all,layer_08_features_27,set_associative,16,65536,kh,16,3,0.004588
ptb,vgg16_T4_all,layer_08_features_27,set_associative,32,8192,kh,16,3,0.000000
ptb,vgg16_T4_all,layer_08_features_27,set_associative,32,16384,kh,16,3,0.000000
ptb,vgg16_T4_all,layer_08_features_27,set_associative,32,32768,kh,16,3,0.000000
ptb,vgg16_T4_all,layer_08_features_27,set_associative,32,65536,kh,16,3,0.000904
ptb,vgg16_T4_all,layer_08_features_27,direct_mapped,0,8192,kw,16,3,0.000080
ptb,vgg16_T4_all,layer_08_features_27,direct_mapped,0,16384,kw,16,3,0.000681
ptb,vgg16_T4_all,layer_08_features_27,direct_mapped,0,32768,kw,16,3,0.000681
ptb,vgg16_T4_all,layer_08_features_27,direct_mapped,0,65536,kw,16,3,0.000681
ptb,vgg16_T4_all,layer_08_features_27,set_associative,4,8192,kw,16,3,0.000000
ptb,vgg16_T4_all,layer_08_features_27,set_associative,4,16384,kw,16,3,0.000087
ptb,vgg16_T4_all,layer_08_features_27,set_associative,4,32768,kw,16,3,0.041209
ptb,vgg16_T4_all,layer_08_features_27,set_associative,4,65536,kw,16,3,0.046567
ptb,vgg16_T4_all,layer_08_features_27,set_associative,16,8192,kw,16,3,0.000000
ptb,vgg16_T4_all,layer_08_features_27,set_associative,16,16384,kw,16,3,0.000000
ptb,vgg16_T4_all,layer_08_features_27,set_associative,16,32768,kw,16,3,0.004099
ptb,vgg16_T4_all,layer_08_features_27,set_associative,16,65536,kw,16,3,0.365020
ptb,vgg16_T4_all,layer_08_features_27,set_associative,32,8192,kw,16,3,0.000000
ptb,vgg16_T4_all,layer_08_features_27,set_associative,32,16384,kw,16,3,0.000000
ptb,vgg16_T4_all,layer_08_features_27,set_associative,32,32768,kw,16,3,0.000359
ptb,vgg16_T4_all,layer_08_features_27,set_associative,32,65536,kw,16,3,0.406368
ptb,vgg16_T4_all,layer_08_features_27,direct_mapped,0,8192,cin,16,3,0.842063
ptb,vgg16_T4_all,layer_08_features_27,direct_mapped,0,16384,cin,16,3,0.842063
ptb,vgg16_T4_all,layer_08_features_27,direct_mapped,0,32768,cin,16,3,0.842063
ptb,vgg16_T4_all,layer_08_features_27,direct_mapped,0,65536,cin,16,3,0.842063
ptb,vgg16_T4_all,layer_08_features_27,set_associative,4,8192,cin,16,3,0.842335
ptb,vgg16_T4_all,layer_08_features_27,set_associative,4,16384,cin,16,3,0.842335
ptb,vgg16_T4_all,layer_08_features_27,set_associative,4,32768,cin,16,3,0.842335
ptb,vgg16_T4_all,layer_08_features_27,set_associative,4,65536,cin,16,3,0.842335
ptb,vgg16_T4_all,layer_08_features_27,set_associative,16,8192,cin,16,3,0.842001
ptb,vgg16_T4_all,layer_08_features_27,set_associative,16,16384,cin,16,3,0.843933
ptb,vgg16_T4_all,layer_08_features_27,set_associative,16,32768,cin,16,3,0.843933
ptb,vgg16_T4_all,layer_08_features_27,set_associative,16,65536,cin,16,3,0.843933
ptb,vgg16_T4_all,layer_08_features_27,set_associative,32,8192,cin,16,3,0.842001
ptb,vgg16_T4_all,layer_08_features_27,set_associative,32,16384,cin,16,3,0.842001
ptb,vgg16_T4_all,layer_08_features_27,set_associative,32,32768,cin,16,3,0.849043
ptb,vgg16_T4_all,layer_08_features_27,set_associative,32,65536,cin,16,3,0.849043
ptb,vgg16_T4_all,layer_08_features_27,direct_mapped,0,8192,cout,16,3,0.939308
ptb,vgg16_T4_all,layer_08_features_27,direct_mapped,0,16384,cout,16,3,0.939336
ptb,vgg16_T4_all,layer_08_features_27,direct_mapped,0,32768,cout,16,3,0.939336
ptb,vgg16_T4_all,layer_08_features_27,direct_mapped,0,65536,cout,16,3,0.939336
ptb,vgg16_T4_all,layer_08_features_27,set_associative,4,8192,cout,16,3,0.937998
ptb,vgg16_T4_all,layer_08_features_27,set_associative,4,16384,cout,16,3,0.944316
ptb,vgg16_T4_all,layer_08_features_27,set_associative,4,32768,cout,16,3,0.963871
ptb,vgg16_T4_all,layer_08_features_27,set_associative,4,65536,cout,16,3,0.963998
ptb,vgg16_T4_all,layer_08_features_27,set_associative,16,8192,cout,16,3,0.937664
ptb,vgg16_T4_all,layer_08_features_27,set_associative,16,16384,cout,16,3,0.942041
ptb,vgg16_T4_all,layer_08_features_27,set_associative,16,32768,cout,16,3,0.968174
ptb,vgg16_T4_all,layer_08_features_27,set_associative,16,65536,cout,16,3,0.987132
ptb,vgg16_T4_all,layer_08_features_27,set_associative,32,8192,cout,16,3,0.937618
ptb,vgg16_T4_all,layer_08_features_27,set_associative,32,16384,cout,16,3,0.941317
ptb,vgg16_T4_all,layer_08_features_27,set_associative,32,32768,cout,16,3,0.968747
ptb,vgg16_T4_all,layer_08_features_27,set_associative,32,65536,cout,16,3,0.987472
ptb,vgg16_T4_all,layer_08_features_27,direct_mapped,0,8192,kh,32,3,0.000000
ptb,vgg16_T4_all,layer_08_features_27,direct_mapped,0,16384,kh,32,3,0.000000
ptb,vgg16_T4_all,layer_08_features_27,direct_mapped,0,32768,kh,32,3,0.000180
ptb,vgg16_T4_all,layer_08_features_27,direct_mapped,0,65536,kh,32,3,0.000180
ptb,vgg16_T4_all,layer_08_features_27,set_associative,4,8192,kh,32,3,0.000000
ptb,vgg16_T4_all,layer_08_features_27,set_associative,4,16384,kh,32,3,0.000000
ptb,vgg16_T4_all,layer_08_features_27,set_associative,4,32768,kh,32,3,0.000000
ptb,vgg16_T4_all,layer_08_features_27,set_associative,4,65536,kh,32,3,0.000142
ptb,vgg16_T4_all,layer_08_features_27,set_associative,16,8192,kh,32,3,0.000000
ptb,vgg16_T4_all,layer_08_features_27,set_associative,16,16384,kh,32,3,0.000000
ptb,vgg16_T4_all,layer_08_features_27,set_associative,16,32768,kh,32,3,0.000000
ptb,vgg16_T4_all,layer_08_features_27,set_associative,16,65536,kh,32,3,0.000000
ptb,vgg16_T4_all,layer_08_features_27,set_associative,32,8192,kh,32,3,0.000000
ptb,vgg16_T4_all,layer_08_features_27,set_associative,32,16384,kh,32,3,0.000000
ptb,vgg16_T4_all,layer_08_features_27,set_associative,32,32768,kh,32,3,0.000000
ptb,vgg16_T4_all,layer_08_features_27,set_associative,32,65536,kh,32,3,0.000000
ptb,vgg16_T4_all,layer_08_features_27,direct_mapped,0,8192,kw,32,3,0.000000
ptb,vgg16_T4_all,layer_08_features_27,direct_mapped,0,16384,kw,32,3,0.000080
ptb,vgg16_T4_all,layer_08_features_27,direct_mapped,0,32768,kw,32,3,0.000681
ptb,vgg16_T4_all,layer_08_features_27,direct_mapped,0,65536,kw,32,3,0.000681
ptb,vgg16_T4_all,layer_08_features_27,set_associative,4,8192,kw,32,3,0.000000
ptb,vgg16_T4_all,layer_08_features_27,set_associative,4,16384,kw,32,3,0.000000
ptb,vgg16_T4_all,layer_08_features_27,set_associative,4,32768,kw,32,3,0.000087
ptb,vgg16_T4_all,layer_08_features_27,set_associative,4,65536,kw,32,3,0.041209
ptb,vgg16_T4_all,layer_08_features_27,set_associative,16,8192,kw,32,3,0.000000
ptb,vgg16_T4_all,layer_08_features_27,set_associative,16,16384,kw,32,3,0.000000
ptb,vgg16_T4_all,layer_08_features_27,set_associative,16,32768,kw,32,3,0.000000
ptb,vgg16_T4_all,layer_08_features_27,set_associative,16,65536,kw,32,3,0.004099
ptb,vgg16_T4_all,layer_08_features_27,set_associative,32,8192,kw,32,3,0.000000
ptb,vgg16_T4_all,layer_08_features_27,set_associative,32,16384,kw,32,3,0.000000
ptb,vgg16_T4_all,layer_08_features_27,set_associative,32,32768,kw,32,3,0.000000
ptb,vgg16_T4_all,layer_08_features_27,set_associative,32,65536,kw,32,3,0.000359
ptb,vgg16_T4_all,layer_08_features_27,direct_mapped,0,8192,cin,32,3,0.920815
ptb,vgg16_T4_all,layer_08_features_27,direct_mapped,0,16384,cin,32,3,0.920815
ptb,vgg16_T4_all,layer_08_features_27,direct_mapped,0,32768,cin,32,3,0.920815
ptb,vgg16_T4_all,layer_08_features_27,direct_mapped,0,65536,cin,32,3,0.920815
ptb,vgg16_T4_all,layer_08_features_27,set_associative,4,8192,cin,32,3,0.921087
ptb,vgg16_T4_all,layer_08_features_27,set_associative,4,16384,cin,32,3,0.921087
ptb,vgg16_T4_all,layer_08_features_27,set_associative,4,32768,cin,32,3,0.921087
ptb,vgg16_T4_all,layer_08_features_27,set_associative,4,65536,cin,32,3,0.921087
ptb,vgg16_T4_all,layer_08_features_27,set_associative,16,8192,cin,32,3,0.920753
ptb,vgg16_T4_all,layer_08_features_27,set_associative,16,16384,cin,32,3,0.922684
ptb,vgg16_T4_all,layer_08_features_27,set_associative,16,32768,cin,32,3,0.922684
ptb,vgg16_T4_all,layer_08_features_27,set_associative,16,65536,cin,32,3,0.922684
ptb,vgg16_T4_all,layer_08_features_27,set_associative,32,8192,cin,32,3,0.920753
ptb,vgg16_T4_all,layer_08_features_27,set_associative,32,16384,cin,32,3,0.920753
ptb,vgg16_T4_all,layer_08_features_27,set_associative,32,32768,cin,32,3,0.927687
ptb,vgg16_T4_all,layer_08_features_27,set_associative,32,65536,cin,32,3,0.927687
ptb,vgg16_T4_all,layer_08_features_27,direct_mapped,0,8192,cout,32,3,0.937814
ptb,vgg16_T4_all,layer_08_features_27,direct_mapped,0,16384,cout,32,3,0.939490
ptb,vgg16_T4_all,layer_08_features_27,direct_mapped,0,32768,cout,32,3,0.939523
ptb,vgg16_T4_all,layer_08_features_27,direct_mapped,0,65536,cout,32,3,0.939523
ptb,vgg16_T4_all,layer_08_features_27,set_associative,4,8192,cout,32,3,0.937599
ptb,vgg16_T4_all,layer_08_features_27,set_associative,4,16384,cout,32,3,0.938132
ptb,vgg16_T4_all,layer_08_features_27,set_associative,4,32768,cout,32,3,0.944643
ptb,vgg16_T4_all,layer_08_features_27,set_associative,4,65536,cout,32,3,0.965063
ptb,vgg16_T4_all,layer_08_features_27,set_associative,16,8192,cout,32,3,0.937610
ptb,vgg16_T4_all,layer_08_features_27,set_associative,16,16384,cout,32,3,0.937782
ptb,vgg16_T4_all,layer_08_features_27,set_associative,16,32768,cout,32,3,0.942315
ptb,vgg16_T4_all,layer_08_features_27,set_associative,16,65536,cout,32,3,0.969101
ptb,vgg16_T4_all,layer_08_features_27,set_associative,32,8192,cout,32,3,0.937618
ptb,vgg16_T4_all,layer_08_features_27,set_associative,32,16384,cout,32,3,0.937735
ptb,vgg16_T4_all,layer_08_features_27,set_associative,32,32768,cout,32,3,0.941568
ptb,vgg16_T4_all,layer_08_features_27,set_associative,32,65536,cout,32,3,0.969611
ptb,vgg16_T4_all,layer_08_features_27,direct_mapped,0,8192,kh,64,3,0.000000
ptb,vgg16_T4_all,layer_08_features_27,direct_mapped,0,16384,kh,64,3,0.000000
ptb,vgg16_T4_all,layer_08_features_27,direct_mapped,0,32768,kh,64,3,0.000000
ptb,vgg16_T4_all,layer_08_features_27,direct_mapped,0,65536,kh,64,3,0.000180
ptb,vgg16_T4_all,layer_08_features_27,set_associative,4,8192,kh,64,3,0.000000
ptb,vgg16_T4_all,layer_08_features_27,set_associative,4,16384,kh,64,3,0.000000
ptb,vgg16_T4_all,layer_08_features_27,set_associative,4,32768,kh,64,3,0.000000
ptb,vgg16_T4_all,layer_08_features_27,set_associative,4,65536,kh,64,3,0.000000
ptb,vgg16_T4_all,layer_08_features_27,set_associative,16,8192,kh,64,3,0.000000
ptb,vgg16_T4_all,layer_08_features_27,set_associative,16,16384,kh,64,3,0.000000
ptb,vgg16_T4_all,layer_08_features_27,set_associative,16,32768,kh,64,3,0.000000
ptb,vgg16_T4_all,layer_08_features_27,set_associative,16,65536,kh,64,3,0.000000
ptb,vgg16_T4_all,layer_08_features_27,set_associative,32,8192,kh,64,3,0.000000
ptb,vgg16_T4_all,layer_08_features_27,set_associative,32,16384,kh,64,3,0.000000
ptb,vgg16_T4_all,layer_08_features_27,set_associative,32,32768,kh,64,3,0.000000
ptb,vgg16_T4_all,layer_08_features_27,set_associative,32,65536,kh,64,3,0.000000
ptb,vgg16_T4_all,layer_08_features_27,direct_mapped,0,8192,kw,64,3,0.000000
ptb,vgg16_T4_all,layer_08_features_27,direct_mapped,0,16384,kw,64,3,0.000000
ptb,vgg16_T4_all,layer_08_features_27,direct_mapped,0,32768,kw,64,3,0.000080
ptb,vgg16_T4_all,layer_08_features_27,direct_mapped,0,65536,kw,64,3,0.000681
ptb,vgg16_T4_all,layer_08_features_27,set_associative,4,8192,kw,64,3,0.000000
ptb,vgg16_T4_all,layer_08_features_27,set_associative,4,16384,kw,64,3,0.000000
ptb,vgg16_T4_all,layer_08_features_27,set_associative,4,32768,kw,64,3,0.000000
ptb,vgg16_T4_all,layer_08_features_27,set_associative,4,65536,kw,64,3,0.000087
ptb,vgg16_T4_all,layer_08_features_27,set_associative,16,8192,kw,64,3,0.000000
ptb,vgg16_T4_all,layer_08_features_27,set_associative,16,16384,kw,64,3,0.000000
ptb,vgg16_T4_all,layer_08_features_27,set_associative,16,32768,kw,64,3,0.000000
ptb,vgg16_T4_all,layer_08_features_27,set_associative,16,65536,kw,64,3,0.000000
ptb,vgg16_T4_all,layer_08_features_27,set_associative,32,8192,kw,64,3,0.000000
ptb,vgg16_T4_all,layer_08_features_27,set_associative,32,16384,kw,64,3,0.000000
ptb,vgg16_T4_all,layer_08_features_27,set_associative,32,32768,kw,64,3,0.000000
ptb,vgg16_T4_all,layer_08_features_27,set_associative,32,65536,kw,64,3,0.000000
ptb,vgg16_T4_all,layer_08_features_27,direct_mapped,0,8192,cin,64,3,0.960438
ptb,vgg16_T4_all,layer_08_features_27,direct_mapped,0,16384,cin,64,3,0.960438
ptb,vgg16_T4_all,layer_08_features_27,direct_mapped,0,32768,cin,64,3,0.960438
ptb,vgg16_T4_all,layer_08_features_27,direct_mapped,0,65536,cin,64,3,0.960438
ptb,vgg16_T4_all,layer_08_features_27,set_associative,4,8192,cin,64,3,0.960711
ptb,vgg16_T4_all,layer_08_features_27,set_associative,4,16384,cin,64,3,0.960711
ptb,vgg16_T4_all,layer_08_features_27,set_associative,4,32768,cin,64,3,0.960711
ptb,vgg16_T4_all,layer_08_features_27,set_associative,4,65536,cin,64,3,0.960711
ptb,vgg16_T4_all,layer_08_features_27,set_associative,16,8192,cin,64,3,0.960376
ptb,vgg16_T4_all,layer_08_features_27,set_associative,16,16384,cin,64,3,0.960376
ptb,vgg16_T4_all,layer_08_features_27,set_associative,16,32768,cin,64,3,0.962308
ptb,vgg16_T4_all,layer_08_features_27,set_associative,16,65536,cin,64,3,0.962308
ptb,vgg16_T4_all,layer_08_features_27,set_associative,32,8192,cin,64,3,0.960376
ptb,vgg16_T4_all,layer_08_features_27,set_associative,32,16384,cin,64,3,0.960376
ptb,vgg16_T4_all,layer_08_features_27,set_associative,32,32768,cin,64,3,0.961565
ptb,vgg16_T4_all,layer_08_features_27,set_associative,32,65536,cin,64,3,0.967472
ptb,vgg16_T4_all,layer_08_features_27,direct_mapped,0,8192,cout,64,3,0.937560
ptb,vgg16_T4_all,layer_08_features_27,direct_mapped,0,16384,cout,64,3,0.937858
ptb,vgg16_T4_all,layer_08_features_27,direct_mapped,0,32768,cout,64,3,0.939582
ptb,vgg16_T4_all,layer_08_features_27,direct_mapped,0,65536,cout,64,3,0.939617
ptb,vgg16_T4_all,layer_08_features_27,set_associative,4,8192,cout,64,3,0.937521
ptb,vgg16_T4_all,layer_08_features_27,set_associative,4,16384,cout,64,3,0.937645
ptb,vgg16_T4_all,layer_08_features_27,set_associative,4,32768,cout,64,3,0.938198
ptb,vgg16_T4_all,layer_08_features_27,set_associative,4,65536,cout,64,3,0.944806
ptb,vgg16_T4_all,layer_08_features_27,set_associative,16,8192,cout,64,3,0.937509
ptb,vgg16_T4_all,layer_08_features_27,set_associative,16,16384,cout,64,3,0.937665
ptb,vgg16_T4_all,layer_08_features_27,set_associative,16,32768,cout,64,3,0.937841
ptb,vgg16_T4_all,layer_08_features_27,set_associative,16,65536,cout,64,3,0.942452
ptb,vgg16_T4_all,layer_08_features_27,set_associative,32,8192,cout,64,3,0.937500
ptb,vgg16_T4_all,layer_08_features_27,set_associative,32,16384,cout,64,3,0.937676
ptb,vgg16_T4_all,layer_08_features_27,set_associative,32,32768,cout,64,3,0.937794
ptb,vgg16_T4_all,layer_08_features_27,set_associative,32,65536,cout,64,3,0.941693
ptb,vgg16_T4_all,layer_08_features_27,direct_mapped,0,8192,kh,16,4,0.000000
ptb,vgg16_T4_all,layer_08_features_27,direct_mapped,0,16384,kh,16,4,0.000251
ptb,vgg16_T4_all,layer_08_features_27,direct_mapped,0,32768,kh,16,4,0.000251
ptb,vgg16_T4_all,layer_08_features_27,direct_mapped,0,65536,kh,16,4,0.000251
ptb,vgg16_T4_all,layer_08_features_27,set_associative,4,8192,kh,16,4,0.000000
ptb,vgg16_T4_all,layer_08_features_27,set_associative,4,16384,kh,16,4,0.000000
ptb,vgg16_T4_all,layer_08_features_27,set_associative,4,32768,kh,16,4,0.001184
ptb,vgg16_T4_all,layer_08_features_27,set_associative,4,65536,kh,16,4,0.004017
ptb,vgg16_T4_all,layer_08_features_27,set_associative,16,8192,kh,16,4,0.000000
ptb,vgg16_T4_all,layer_08_features_27,set_associative,16,16384,kh,16,4,0.000000
ptb,vgg16_T4_all,layer_08_features_27,set_associative,16,32768,kh,16,4,0.000000
ptb,vgg16_T4_all,layer_08_features_27,set_associative,16,65536,kh,16,4,0.018069
ptb,vgg16_T4_all,layer_08_features_27,set_associative,32,8192,kh,16,4,0.000000
ptb,vgg16_T4_all,layer_08_features_27,set_associative,32,16384,kh,16,4,0.000000
ptb,vgg16_T4_all,layer_08_features_27,set_associative,32,32768,kh,16,4,0.000000
ptb,vgg16_T4_all,layer_08_features_27,set_associative,32,65536,kh,16,4,0.005950
ptb,vgg16_T4_all,layer_08_features_27,direct_mapped,0,8192,kw,16,4,0.001037
ptb,vgg16_T4_all,layer_08_features_27,direct_mapped,0,16384,kw,16,4,0.002080
ptb,vgg16_T4_all,layer_08_features_27,direct_mapped,0,32768,kw,16,4,0.002080
ptb,vgg16_T4_all,layer_08_features_27,direct_mapped,0,65536,kw,16,4,0.002080
ptb,vgg16_T4_all,layer_08_features_27,set_associative,4,8192,kw,16,4,0.000000
ptb,vgg16_T4_all,layer_08_features_27,set_associative,4,16384,kw,16,4,0.001822
ptb,vgg16_T4_all,layer_08_features_27,set_associative,4,32768,kw,16,4,0.074318
ptb,vgg16_T4_all,layer_08_features_27,set_associative,4,65536,kw,16,4,0.079027
ptb,vgg16_T4_all,layer_08_features_27,set_associative,16,8192,kw,16,4,0.000000
ptb,vgg16_T4_all,layer_08_features_27,set_associative,16,16384,kw,16,4,0.000000
ptb,vgg16_T4_all,layer_08_features_27,set_associative,16,32768,kw,16,4,0.024045
ptb,vgg16_T4_all,layer_08_features_27,set_associative,16,65536,kw,16,4,0.410321
ptb,vgg16_T4_all,layer_08_features_27,set_associative,32,8192,kw,16,4,0.000000
ptb,vgg16_T4_all,layer_08_features_27,set_associative,32,16384,kw,16,4,0.000000
ptb,vgg16_T4_all,layer_08_features_27,set_associative,32,32768,kw,16,4,0.008651
ptb,vgg16_T4_all,layer_08_features_27,set_associative,32,65536,kw,16,4,0.423021
ptb,vgg16_T4_all,layer_08_features_27,direct_mapped,0,8192,cin,16,4,0.816438
ptb,vgg16_T4_all,layer_08_features_27,direct_mapped,0,16384,cin,16,4,0.816438
ptb,vgg16_T4_all,layer_08_features_27,direct_mapped,0,32768,cin,16,4,0.816438
ptb,vgg16_T4_all,layer_08_features_27,direct_mapped,0,65536,cin,16,4,0.816438
ptb,vgg16_T4_all,layer_08_features_27,set_associative,4,8192,cin,16,4,0.816754
ptb,vgg16_T4_all,layer_08_features_27,set_associative,4,16384,cin,16,4,0.816754
ptb,vgg16_T4_all,layer_08_features_27,set_associative,4,32768,cin,16,4,0.816754
ptb,vgg16_T4_all,layer_08_features_27,set_associative,4,65536,cin,16,4,0.816754
ptb,vgg16_T4_all,layer_08_features_27,set_associative,16,8192,cin,16,4,0.816366
ptb,vgg16_T4_all,layer_08_features_27,set_associative,16,16384,cin,16,4,0.818604
ptb,vgg16_T4_all,layer_08_features_27,set_associative,16,32768,cin,16,4,0.818604
ptb,vgg16_T4_all,layer_08_features_27,set_associative,16,65536,cin,16,4,0.818604
ptb,vgg16_T4_all,layer_08_features_27,set_associative,32,8192,cin,16,4,0.816366
ptb,vgg16_T4_all,layer_08_features_27,set_associative,32,16384,cin,16,4,0.816366
ptb,vgg16_T4_all,layer_08_features_27,set_associative,32,32768,cin,16,4,0.824400
ptb,vgg16_T4_all,layer_08_features_27,set_associative,32,65536,cin,16,4,0.824400
ptb,vgg16_T4_all,layer_08_features_27,direct_mapped,0,8192,cout,16,4,0.940122
ptb,vgg16_T4_all,layer_08_features_27,direct_mapped,0,16384,cout,16,4,0.940186
ptb,vgg16_T4_all,layer_08_features_27,direct_mapped,0,32768,cout,16,4,0.940186
ptb,vgg16_T4_all,layer_08_features_27,direct_mapped,0,65536,cout,16,4,0.940186
ptb,vgg16_T4_all,layer_08_features_27,set_associative,4,8192,cout,16,4,0.938404
ptb,vgg16_T4_all,layer_08_features_27,set_associative,4,16384,cout,16,4,0.947291
ptb,vgg16_T4_all,layer_08_features_27,set_associative,4,32768,cout,16,4,0.966971
ptb,vgg16_T4_all,layer_08_features_27,set_associative,4,65536,cout,16,4,0.967064
ptb,vgg16_T4_all,layer_08_features_27,set_associative,16,8192,cout,16,4,0.937873
ptb,vgg16_T4_all,layer_08_features_27,set_associative,16,16384,cout,16,4,0.946212
ptb,vgg16_T4_all,layer_08_features_27,set_associative,16,32768,cout,16,4,0.972853
ptb,vgg16_T4_all,layer_08_features_27,set_associative,16,65536,cout,16,4,0.986235
ptb,vgg16_T4_all,layer_08_features_27,set_associative,32,8192,cout,16,4,0.937798
ptb,vgg16_T4_all,layer_08_features_27,set_associative,32,16384,cout,16,4,0.945333
ptb,vgg16_T4_all,layer_08_features_27,set_associative,32,32768,cout,16,4,0.973854
ptb,vgg16_T4_all,layer_08_features_27,set_associative,32,65536,cout,16,4,0.986317
ptb,vgg16_T4_all,layer_08_features_27,direct_mapped,0,8192,kh,32,4,0.000000
ptb,vgg16_T4_all,layer_08_features_27,direct_mapped,0,16384,kh,32,4,0.000000
ptb,vgg16_T4_all,layer_08_features_27,direct_mapped,0,32768,kh,32,4,0.000251
ptb,vgg16_T4_all,layer_08_features_27,direct_mapped,0,65536,kh,32,4,0.000251
ptb,vgg16_T4_all,layer_08_features_27,set_associative,4,8192,kh,32,4,0.000000
ptb,vgg16_T4_all,layer_08_features_27,set_associative,4,16384,kh,32,4,0.000000
ptb,vgg16_T4_all,layer_08_features_27,set_associative,4,32768,kh,32,4,0.000000
ptb,vgg16_T4_all,layer_08_features_27,set_associative,4,65536,kh,32,4,0.001184
ptb,vgg16_T4_all,layer_08_features_27,set_associative,16,8192,kh,32,4,0.000000
ptb,vgg16_T4_all,layer_08_features_27,set_associative,16,16384,kh,32,4,0.000000
ptb,vgg16_T4_all,layer_08_features_27,set_associative,16,32768,kh,32,4,0.000000
ptb,vgg16_T4_all,layer_08_features_27,set_associative,16,65536,kh,32,4,0.000000
ptb,vgg16_T4_all,layer_08_features_27,set_associative,32,8192,kh,32,4,0.000000
ptb,vgg16_T4_all,layer_08_features_27,set_associative,32,16384,kh,32,4,0.000000
ptb,vgg16_T4_all,layer_08_features_27,set_associative,32,32768,kh,32,4,0.000000
ptb,vgg16_T4_all,layer_08_features_27,set_associative,32,65536,kh,32,4,0.000000
ptb,vgg16_T4_all,layer_08_features_27,direct_mapped,0,8192,kw,32,4,0.000000
ptb,vgg16_T4_all,layer_08_features_27,direct_mapped,0,16384,kw,32,4,0.001037
ptb,vgg16_T4_all,layer_08_features_27,direct_mapped,0,32768,kw,32,4,0.002080
ptb,vgg16_T4_all,layer_08_features_27,direct_mapped,0,65536,kw,32,4,0.002080
ptb,vgg16_T4_all,layer_08_features_27,set_associative,4,8192,kw,32,4,0.000000
ptb,vgg16_T4_all,layer_08_features_27,set_associative,4,16384,kw,32,4,0.000000
ptb,vgg16_T4_all,layer_08_features_27,set_associative,4,32768,kw,32,4,0.001822
ptb,vgg16_T4_all,layer_08_features_27,set_associative,4,65536,kw,32,4,0.074318
ptb,vgg16_T4_all,layer_08_features_27,set_associative,16,8192,kw,32,4,0.000000
ptb,vgg16_T4_all,layer_08_features_27,set_associative,16,16384,kw,32,4,0.000000
ptb,vgg16_T4_all,layer_08_features_27,set_associative,16,32768,kw,32,4,0.000000
ptb,vgg16_T4_all,layer_08_features_27,set_associative,16,65536,kw,32,4,0.024045
ptb,vgg16_T4_all,layer_08_features_27,set_associative,32,8192,kw,32,4,0.000000
ptb,vgg16_T4_all,layer_08_features_27,set_associative,32,16384,kw,32,4,0.000000
ptb,vgg16_T4_all,layer_08_features_27,set_associative,32,32768,kw,32,4,0.000000
ptb,vgg16_T4_all,layer_08_features_27,set_associative,32,65536,kw,32,4,0.008651
ptb,vgg16_T4_all,layer_08_features_27,direct_mapped,0,8192,cin,32,4,0.908255
ptb,vgg16_T4_all,layer_08_features_27,direct_mapped,0,16384,cin,32,4,0.908255
ptb,vgg16_T4_all,layer_08_features_27,direct_mapped,0,32768,cin,32,4,0.908255
ptb,vgg16_T4_all,layer_08_features_27,direct_mapped,0,65536,cin,32,4,0.908255
ptb,vgg16_T4_all,layer_08_features_27,set_associative,4,8192,cin,32,4,0.908571
ptb,vgg16_T4_all,layer_08_features_27,set_associative,4,16384,cin,32,4,0.908571
ptb,vgg16_T4_all,layer_08_features_27,set_associative,4,32768,cin,32,4,0.908571
ptb,vgg16_T4_all,layer_08_features_27,set_associative,4,65536,cin,32,4,0.908571
ptb,vgg16_T4_all,layer_08_features_27,set_associative,16,8192,cin,32,4,0.908183
ptb,vgg16_T4_all,layer_08_features_27,set_associative,16,16384,cin,32,4,0.910421
ptb,vgg16_T4_all,layer_08_features_27,set_associative,16,32768,cin,32,4,0.910421
ptb,vgg16_T4_all,layer_08_features_27,set_associative,16,65536,cin,32,4,0.910421
ptb,vgg16_T4_all,layer_08_features_27,set_associative,32,8192,cin,32,4,0.908183
ptb,vgg16_T4_all,layer_08_features_27,set_associative,32,16384,cin,32,4,0.908183
ptb,vgg16_T4_all,layer_08_features_27,set_associative,32,32768,cin,32,4,0.916217
ptb,vgg16_T4_all,layer_08_features_27,set_associative,32,65536,cin,32,4,0.916217
ptb,vgg16_T4_all,layer_08_features_27,direct_mapped,0,8192,cout,32,4,0.937909
ptb,vgg16_T4_all,layer_08_features_27,direct_mapped,0,16384,cout,32,4,0.940307
ptb,vgg16_T4_all,layer_08_features_27,direct_mapped,0,32768,cout,32,4,0.940375
ptb,vgg16_T4_all,layer_08_features_27,direct_mapped,0,65536,cout,32,4,0.940375
ptb,vgg16_T4_all,layer_08_features_27,set_associative,4,8192,cout,32,4,0.937629
ptb,vgg16_T4_all,layer_08_features_27,set_associative,4,16384,cout,32,4,0.938540
ptb,vgg16_T4_all,layer_08_features_27,set_associative,4,32768,cout,32,4,0.947636
ptb,vgg16_T4_all,layer_08_features_27,set_associative,4,65536,cout,32,4,0.968406
ptb,vgg16_T4_all,layer_08_features_27,set_associative,16,8192,cout,32,4,0.937620
ptb,vgg16_T4_all,layer_08_features_27,set_associative,16,16384,cout,32,4,0.937993
ptb,vgg16_T4_all,layer_08_features_27,set_associative,16,32768,cout,32,4,0.946558
ptb,vgg16_T4_all,layer_08_features_27,set_associative,16,65536,cout,32,4,0.974033
ptb,vgg16_T4_all,layer_08_features_27,set_associative,32,8192,cout,32,4,0.937620
ptb,vgg16_T4_all,layer_08_features_27,set_associative,32,16384,cout,32,4,0.937918
ptb,vgg16_T4_all,layer_08_features_27,set_associative,32,32768,cout,32,4,0.945686
ptb,vgg16_T4_all,layer_08_features_27,set_associative,32,65536,cout,32,4,0.974971
ptb,vgg16_T4_all,layer_08_features_27,direct_mapped,0,8192,kh,64,4,0.000000
ptb,vgg16_T4_all,layer_08_features_27,direct_mapped,0,16384,kh,64,4,0.000000
ptb,vgg16_T4_all,layer_08_features_27,direct_mapped,0,32768,kh,64,4,0.000000
ptb,vgg16_T4_all,layer_08_features_27,direct_mapped,0,65536,kh,64,4,0.000251
ptb,vgg16_T4_all,layer_08_features_27,set_associative,4,8192,kh,64,4,0.000000
ptb,vgg16_T4_all,layer_08_features_27,set_associative,4,16384,kh,64,4,0.000000
ptb,vgg16_T4_all,layer_08_features_27,set_associative,4,32768,kh,64,4,0.000000
ptb,vgg16_T4_all,layer_08_features_27,set_associative,4,65536,kh,64,4,0.000000
ptb,vgg16_T4_all,layer_08_features_27,set_associative,16,8192,kh,64,4,0.000000
ptb,vgg16_T4_all,layer_08_features_27,set_associative,16,16384,kh,64,4,0.000000
ptb,vgg16_T4_all,layer_08_features_27,set_associative,16,32768,kh,64,4,0.000000
ptb,vgg16_T4_all,layer_08_features_27,set_associative,16,65536,kh,64,4,0.000000
ptb,vgg16_T4_all,layer_08_features_27,set_associative,32,8192,kh,64,4,0.000000
ptb,vgg16_T4_all,layer_08_features_27,set_associative,32,16384,kh,64,4,0.000000
ptb,vgg16_T4_all,layer_08_features_27,set_associative,32,32768,kh,64,4,0.000000
ptb,vgg16_T4_all,layer_08_features_27,set_associative,32,65536,kh,64,4,0.000000
ptb,vgg16_T4_all,layer_08_features_27,direct_mapped,0,8192,kw,64,4,0.000000
ptb,vgg16_T4_all,layer_08_features_27,direct_mapped,0,16384,kw,64,4,0.000000
ptb,vgg16_T4_all,layer_08_features_27,direct_mapped,0,32768,kw,64,4,0.001037
ptb,vgg16_T4_all,layer_08_features_27,direct_mapped,0,65536,kw,64,4,0.002080
ptb,vgg16_T4_all,layer_08_features_27,set_associative,4,8192,kw,64,4,0.000000
ptb,vgg16_T4_all,layer_08_features_27,set_associative,4,16384,kw,64,4,0.000000
ptb,vgg16_T4_all,layer_08_features_27,set_associative,4,32768,kw,64,4,0.000000
ptb,vgg16_T4_all,layer_08_features_27,set_associative,4,65536,kw,64,4,0.001822
ptb,vgg16_T4_all,layer_08_features_27,set_associative,16,8192,kw,64,4,0.000000
ptb,vgg16_T4_all,layer_08_features_27,set_associative,16,16384,kw,64,4,0.000000
ptb,vgg16_T4_all,layer_08_features_27,set_associative,16,32768,kw,64,4,0.000000
ptb,vgg16_T4_all,layer_08_features_27,set_associative,16,65536,kw,64,4,0.000000
ptb,vgg16_T4_all,layer_08_features_27,set_associative,32,8192,kw,64,4,0.000000
ptb,vgg16_T4_all,layer_08_features_27,set_associative,32,16384,kw,64,4,0.000000
ptb,vgg16_T4_all,layer_08_features_27,set_associative,32,32768,kw,64,4,0.000000
ptb,vgg16_T4_all,layer_08_features_27,set_associative,32,65536,kw,64,4,0.000000
ptb,vgg16_T4_all,layer_08_features_27,direct_mapped,0,8192,cin,64,4,0.954163
ptb,vgg16_T4_all,layer_08_features_27,direct_mapped,0,16384,cin,64,4,0.954163
ptb,vgg16_T4_all,layer_08_features_27,direct_mapped,0,32768,cin,64,4,0.954163
ptb,vgg16_T4_all,layer_08_features_27,direct_mapped,0,65536,cin,64,4,0.954163
ptb,vgg16_T4_all,layer_08_features_27,set_associative,4,8192,cin,64,4,0.954479
ptb,vgg16_T4_all,layer_08_features_27,set_associative,4,16384,cin,64,4,0.954479
ptb,vgg16_T4_all,layer_08_features_27,set_associative,4,32768,cin,64,4,0.954479
ptb,vgg16_T4_all,layer_08_features_27,set_associative,4,65536,cin,64,4,0.954479
ptb,vgg16_T4_all,layer_08_features_27,set_associative,16,8192,cin,64,4,0.954092
ptb,vgg16_T4_all,layer_08_features_27,set_associative,16,16384,cin,64,4,0.954092
ptb,vgg16_T4_all,layer_08_features_27,set_associative,16,32768,cin,64,4,0.956330
ptb,vgg16_T4_all,layer_08_features_27,set_associative,16,65536,cin,64,4,0.956330
ptb,vgg16_T4_all,layer_08_features_27,set_associative,32,8192,cin,64,4,0.954092
ptb,vgg16_T4_all,layer_08_features_27,set_associative,32,16384,cin,64,4,0.954092
ptb,vgg16_T4_all,layer_08_features_27,set_associative,32,32768,cin,64,4,0.955469
ptb,vgg16_T4_all,layer_08_features_27,set_associative,32,65536,cin,64,4,0.962312
ptb,vgg16_T4_all,layer_08_features_27,direct_mapped,0,8192,cout,64,4,0.937572
ptb,vgg16_T4_all,layer_08_features_27,direct_mapped,0,16384,cout,64,4,0.937955
ptb,vgg16_T4_all,layer_08_features_27,direct_mapped,0,32768,cout,64,4,0.940399
ptb,vgg16_T4_all,layer_08_features_27,direct_mapped,0,65536,cout,64,4,0.940469
ptb,vgg16_T4_all,layer_08_features_27,set_associative,4,8192,cout,64,4,0.937562
ptb,vgg16_T4_all,layer_08_features_27,set_associative,4,16384,cout,64,4,0.937685
ptb,vgg16_T4_all,layer_08_features_27,set_associative,4,32768,cout,64,4,0.938608
ptb,vgg16_T4_all,layer_08_features_27,set_associative,4,65536,cout,64,4,0.947808
ptb,vgg16_T4_all,layer_08_features_27,set_associative,16,8192,cout,64,4,0.937527
ptb,vgg16_T4_all,layer_08_features_27,set_associative,16,16384,cout,64,4,0.937680
ptb,vgg16_T4_all,layer_08_features_27,set_associative,16,32768,cout,64,4,0.938053
ptb,vgg16_T4_all,layer_08_features_27,set_associative,16,65536,cout,64,4,0.946731
ptb,vgg16_T4_all,layer_08_features_27,set_associative,32,8192,cout,64,4,0.937519
ptb,vgg16_T4_all,layer_08_features_27,set_associative,32,16384,cout,64,4,0.937680
ptb,vgg16_T4_all,layer_08_features_27,set_associative,32,32768,cout,64,4,0.937978
ptb,vgg16_T4_all,layer_08_features_27,set_associative,32,65536,cout,64,4,0.945863
