_tag,_sample,run_id,git_commit,arm,tier,arch,n_cores,workload,layer,sample_idx,l1_size_bytes,l1_assoc,l1_num_lines,l1_num_sets,l2_size_bytes,l2_assoc,l2_num_lines,l2_num_sets,line_size_bytes,cin_block,cout_block,weight_bytes,layout,cin_lo_blocks,l1_mshrs,l1_tgts_per_mshr,l2_mshrs,l2_tgts_per_mshr,l1_demand_reserve,prefetch_policy,prefetch_distance,l1_latency,l1_ii,l2_latency,l2_to_l1_latency,l2_miss_latency,l2_banks,l2_ii,dram_ii,core_accept_ii,inclusion,policy,total_cycles,tick_base_total,stretch_cycles,l1_hits,l1_accesses,l1_hit_rate,l2_hits,l2_accesses,l2_hit_rate,dram_accesses,dram_bytes,stall_l1_slot,stall_l1_line,stall_l1_port,stall_l2_slot,stall_l2_line,stall_l2_port,stall_channel,stall_barrier,stall_total,core_stall_sum,fetch_latency_sum,hidden_latency,hidden_fraction,pf_issued,pf_timely,pf_late,pf_wasted,pf_dropped_array_hit,pf_dropped_matching,pf_dropped_no_slot,pf_dropped_targets_full,pf_dropped_reserve,pf_coverage,pf_coverage_ceiling,pf_budget_exhausted,pf_pollution_evictions,padding_fraction,port_bound_threshold,l1_mshr_occ_p50,l1_mshr_occ_p95,l1_mshr_occ_max,l2_mshr_occ_p50,l2_mshr_occ_p95,l2_mshr_occ_max,max_wait_depth,hits_downgraded_to_miss,events,events_per_cycle,sim_wall_seconds,distinct_addr_per_core_tile_p50,distinct_addr_per_core_tile_max
R16,0,l2cap-R16-s0,26ef6f0,cache,l2_capacity,loas,16,resnet19_T4_n5,layer_16_layer3_0_conv2,0,16384,8,256,32,524288,16,8192,512,64,16,4,1,khkw_split,-1,16,20,32,12,1,none,0,0,1,2,0,24,1,1,1,1,non_inclusive,lru,187000,123108,63892,1930816,1969728,0.980245,0,38912,0.000000,38912,2490368,0,0,0,0,0,0,1016992,6304,1023296,1016992,1016992,0,0.000000,0,0,0,0,0,0,0,0,0,0.000000,0.999480,0,0,0.110460,0.474120,1,1,1,8,15,16,0,0,4056256,21.691209,0.593412,1842,2854
R16,0,l2cap-R16-s0,26ef6f0,cache,l2_capacity,loas,16,resnet19_T4_n5,layer_16_layer3_0_conv2,0,16384,8,256,32,1048576,16,16384,1024,64,16,4,1,khkw_split,-1,16,20,32,12,1,none,0,0,1,2,0,24,1,1,1,1,non_inclusive,lru,187000,123108,63892,1930816,1969728,0.980245,0,38912,0.000000,38912,2490368,0,0,0,0,0,0,1016992,6304,1023296,1016992,1016992,0,0.000000,0,0,0,0,0,0,0,0,0,0.000000,0.999480,0,0,0.110460,0.474120,1,1,1,8,15,16,0,0,4056256,21.691209,0.590333,1842,2854
R16,0,l2cap-R16-s0,26ef6f0,cache,l2_capacity,loas,16,resnet19_T4_n5,layer_16_layer3_0_conv2,0,16384,8,256,32,2097152,16,32768,2048,64,16,4,1,khkw_split,-1,16,20,32,12,1,none,0,0,1,2,0,24,1,1,1,1,non_inclusive,lru,161912,123108,38804,1930816,1969728,0.980245,20480,38912,0.526316,18432,1179648,0,0,0,0,0,127880,481152,12856,621888,609032,609032,0,0.000000,0,0,0,0,0,0,0,0,0,0.000000,0.999480,0,0,0.110460,0.474120,1,1,1,8,15,16,0,0,4035776,24.925737,0.583147,1842,2854
R16,0,l2cap-R16-s0,26ef6f0,cache,l2_capacity,loas,16,resnet19_T4_n5,layer_16_layer3_0_conv2,0,16384,8,256,32,4194304,16,65536,4096,64,16,4,1,khkw_split,-1,16,20,32,12,1,none,0,0,1,2,0,24,1,1,1,1,non_inclusive,lru,161912,123108,38804,1930816,1969728,0.980245,20480,38912,0.526316,18432,1179648,0,0,0,0,0,127880,481152,12856,621888,609032,609032,0,0.000000,0,0,0,0,0,0,0,0,0,0.000000,0.999480,0,0,0.110460,0.474120,1,1,1,8,15,16,0,0,4035776,24.925737,0.584881,1842,2854
R16,0,l2cap-R16-s0,26ef6f0,cache,l2_capacity,loas,16,resnet19_T4_n5,layer_16_layer3_0_conv2,0,16384,8,256,32,8388608,16,131072,8192,64,16,4,1,khkw_split,-1,16,20,32,12,1,none,0,0,1,2,0,24,1,1,1,1,non_inclusive,lru,161912,123108,38804,1930816,1969728,0.980245,20480,38912,0.526316,18432,1179648,0,0,0,0,0,127880,481152,12856,621888,609032,609032,0,0.000000,0,0,0,0,0,0,0,0,0,0.000000,0.999480,0,0,0.110460,0.474120,1,1,1,8,15,16,0,0,4035776,24.925737,0.586369,1842,2854
R16,0,l2cap-R16-s0,26ef6f0,cache,l2_capacity,loas,16,resnet19_T4_n5,layer_16_layer3_0_conv2,0,16384,8,256,32,16777216,16,262144,16384,64,16,4,1,khkw_split,-1,16,20,32,12,1,none,0,0,1,2,0,24,1,1,1,1,non_inclusive,lru,161912,123108,38804,1930816,1969728,0.980245,20480,38912,0.526316,18432,1179648,0,0,0,0,0,127880,481152,12856,621888,609032,609032,0,0.000000,0,0,0,0,0,0,0,0,0,0.000000,0.999480,0,0,0.110460,0.474120,1,1,1,8,15,16,0,0,4035776,24.925737,0.607163,1842,2854
R16,1,l2cap-R16-s1,26ef6f0,cache,l2_capacity,loas,16,resnet19_T4_n5,layer_16_layer3_0_conv2,1,16384,8,256,32,524288,16,8192,512,64,16,4,1,khkw_split,-1,16,20,32,12,1,none,0,0,1,2,0,24,1,1,1,1,non_inclusive,lru,189172,125280,63892,1965568,2004480,0.980587,0,38912,0.000000,38912,2490368,0,0,0,0,0,0,1016992,6304,1023296,1016992,1016992,0,0.000000,0,0,0,0,0,0,0,0,0,0.000000,0.999489,0,0,0.131510,0.465900,1,1,1,8,15,16,0,0,4125760,21.809570,0.601180,1875,2873
R16,1,l2cap-R16-s1,26ef6f0,cache,l2_capacity,loas,16,resnet19_T4_n5,layer_16_layer3_0_conv2,1,16384,8,256,32,1048576,16,16384,1024,64,16,4,1,khkw_split,-1,16,20,32,12,1,none,0,0,1,2,0,24,1,1,1,1,non_inclusive,lru,189172,125280,63892,1965568,2004480,0.980587,0,38912,0.000000,38912,2490368,0,0,0,0,0,0,1016992,6304,1023296,1016992,1016992,0,0.000000,0,0,0,0,0,0,0,0,0,0.000000,0.999489,0,0,0.131510,0.465900,1,1,1,8,15,16,0,0,4125760,21.809570,0.598041,1875,2873
R16,1,l2cap-R16-s1,26ef6f0,cache,l2_capacity,loas,16,resnet19_T4_n5,layer_16_layer3_0_conv2,1,16384,8,256,32,2097152,16,32768,2048,64,16,4,1,khkw_split,-1,16,20,32,12,1,none,0,0,1,2,0,24,1,1,1,1,non_inclusive,lru,163996,125280,38716,1965568,2004480,0.980587,20480,38912,0.526316,18432,1179648,0,0,0,0,0,125536,481152,13792,620480,606688,606688,0,0.000000,0,0,0,0,0,0,0,0,0,0.000000,0.999489,0,0,0.131510,0.465900,1,1,1,8,15,16,0,0,4105280,25.032806,0.595320,1875,2873
R16,1,l2cap-R16-s1,26ef6f0,cache,l2_capacity,loas,16,resnet19_T4_n5,layer_16_layer3_0_conv2,1,16384,8,256,32,4194304,16,65536,4096,64,16,4,1,khkw_split,-1,16,20,32,12,1,none,0,0,1,2,0,24,1,1,1,1,non_inclusive,lru,163996,125280,38716,1965568,2004480,0.980587,20480,38912,0.526316,18432,1179648,0,0,0,0,0,125536,481152,13792,620480,606688,606688,0,0.000000,0,0,0,0,0,0,0,0,0,0.000000,0.999489,0,0,0.131510,0.465900,1,1,1,8,15,16,0,0,4105280,25.032806,0.599493,1875,2873
R16,1,l2cap-R16-s1,26ef6f0,cache,l2_capacity,loas,16,resnet19_T4_n5,layer_16_layer3_0_conv2,1,16384,8,256,32,8388608,16,131072,8192,64,16,4,1,khkw_split,-1,16,20,32,12,1,none,0,0,1,2,0,24,1,1,1,1,non_inclusive,lru,163996,125280,38716,1965568,2004480,0.980587,20480,38912,0.526316,18432,1179648,0,0,0,0,0,125536,481152,13792,620480,606688,606688,0,0.000000,0,0,0,0,0,0,0,0,0,0.000000,0.999489,0,0,0.131510,0.465900,1,1,1,8,15,16,0,0,4105280,25.032806,0.594220,1875,2873
R16,1,l2cap-R16-s1,26ef6f0,cache,l2_capacity,loas,16,resnet19_T4_n5,layer_16_layer3_0_conv2,1,16384,8,256,32,16777216,16,262144,16384,64,16,4,1,khkw_split,-1,16,20,32,12,1,none,0,0,1,2,0,24,1,1,1,1,non_inclusive,lru,163996,125280,38716,1965568,2004480,0.980587,20480,38912,0.526316,18432,1179648,0,0,0,0,0,125536,481152,13792,620480,606688,606688,0,0.000000,0,0,0,0,0,0,0,0,0,0.000000,0.999489,0,0,0.131510,0.465900,1,1,1,8,15,16,0,0,4105280,25.032806,0.596392,1875,2873
R16,2,l2cap-R16-s2,26ef6f0,cache,l2_capacity,loas,16,resnet19_T4_n5,layer_16_layer3_0_conv2,2,16384,8,256,32,524288,16,8192,512,64,16,4,1,khkw_split,-1,16,20,32,12,1,none,0,0,1,2,0,24,1,1,1,1,non_inclusive,lru,190464,126572,63892,1986240,2025152,0.980786,0,38912,0.000000,38912,2490368,0,0,0,0,0,0,1016992,6304,1023296,1016992,1016992,0,0.000000,0,0,0,0,0,0,0,0,0,0.000000,0.999494,0,0,0.139540,0.461145,1,1,1,8,15,16,0,0,4167104,21.878696,0.609146,1904,2925
R16,2,l2cap-R16-s2,26ef6f0,cache,l2_capacity,loas,16,resnet19_T4_n5,layer_16_layer3_0_conv2,2,16384,8,256,32,1048576,16,16384,1024,64,16,4,1,khkw_split,-1,16,20,32,12,1,none,0,0,1,2,0,24,1,1,1,1,non_inclusive,lru,190464,126572,63892,1986240,2025152,0.980786,0,38912,0.000000,38912,2490368,0,0,0,0,0,0,1016992,6304,1023296,1016992,1016992,0,0.000000,0,0,0,0,0,0,0,0,0,0.000000,0.999494,0,0,0.139540,0.461145,1,1,1,8,15,16,0,0,4167104,21.878696,0.609889,1904,2925
R16,2,l2cap-R16-s2,26ef6f0,cache,l2_capacity,loas,16,resnet19_T4_n5,layer_16_layer3_0_conv2,2,16384,8,256,32,2097152,16,32768,2048,64,16,4,1,khkw_split,-1,16,20,32,12,1,none,0,0,1,2,0,24,1,1,1,1,non_inclusive,lru,165056,126572,38484,1986240,2025152,0.980786,20480,38912,0.526316,18432,1179648,0,0,0,0,0,122340,481152,13276,616768,603492,603492,0,0.000000,0,0,0,0,0,0,0,0,0,0.000000,0.999494,0,0,0.139540,0.461145,1,1,1,8,15,16,0,0,4146624,25.122528,0.601039,1904,2925
R16,2,l2cap-R16-s2,26ef6f0,cache,l2_capacity,loas,16,resnet19_T4_n5,layer_16_layer3_0_conv2,2,16384,8,256,32,4194304,16,65536,4096,64,16,4,1,khkw_split,-1,16,20,32,12,1,none,0,0,1,2,0,24,1,1,1,1,non_inclusive,lru,165056,126572,38484,1986240,2025152,0.980786,20480,38912,0.526316,18432,1179648,0,0,0,0,0,122340,481152,13276,616768,603492,603492,0,0.000000,0,0,0,0,0,0,0,0,0,0.000000,0.999494,0,0,0.139540,0.461145,1,1,1,8,15,16,0,0,4146624,25.122528,0.599766,1904,2925
R16,2,l2cap-R16-s2,26ef6f0,cache,l2_capacity,loas,16,resnet19_T4_n5,layer_16_layer3_0_conv2,2,16384,8,256,32,8388608,16,131072,8192,64,16,4,1,khkw_split,-1,16,20,32,12,1,none,0,0,1,2,0,24,1,1,1,1,non_inclusive,lru,165056,126572,38484,1986240,2025152,0.980786,20480,38912,0.526316,18432,1179648,0,0,0,0,0,122340,481152,13276,616768,603492,603492,0,0.000000,0,0,0,0,0,0,0,0,0,0.000000,0.999494,0,0,0.139540,0.461145,1,1,1,8,15,16,0,0,4146624,25.122528,0.601143,1904,2925
R16,2,l2cap-R16-s2,26ef6f0,cache,l2_capacity,loas,16,resnet19_T4_n5,layer_16_layer3_0_conv2,2,16384,8,256,32,16777216,16,262144,16384,64,16,4,1,khkw_split,-1,16,20,32,12,1,none,0,0,1,2,0,24,1,1,1,1,non_inclusive,lru,165056,126572,38484,1986240,2025152,0.980786,20480,38912,0.526316,18432,1179648,0,0,0,0,0,122340,481152,13276,616768,603492,603492,0,0.000000,0,0,0,0,0,0,0,0,0,0.000000,0.999494,0,0,0.139540,0.461145,1,1,1,8,15,16,0,0,4146624,25.122528,0.602336,1904,2925
R16,3,l2cap-R16-s3,26ef6f0,cache,l2_capacity,loas,16,resnet19_T4_n5,layer_16_layer3_0_conv2,3,16384,8,256,32,524288,16,8192,512,64,16,4,1,khkw_split,-1,16,20,32,12,1,none,0,0,1,2,0,24,1,1,1,1,non_inclusive,lru,189904,126012,63892,1977280,2016192,0.980700,0,38912,0.000000,38912,2490368,0,0,0,0,0,0,1016992,6304,1023296,1016992,1016992,0,0.000000,0,0,0,0,0,0,0,0,0,0.000000,0.999492,0,0,0.101128,0.463194,1,1,1,8,15,16,0,0,4149184,21.848850,0.605136,1914,2968
R16,3,l2cap-R16-s3,26ef6f0,cache,l2_capacity,loas,16,resnet19_T4_n5,layer_16_layer3_0_conv2,3,16384,8,256,32,1048576,16,16384,1024,64,16,4,1,khkw_split,-1,16,20,32,12,1,none,0,0,1,2,0,24,1,1,1,1,non_inclusive,lru,189904,126012,63892,1977280,2016192,0.980700,0,38912,0.000000,38912,2490368,0,0,0,0,0,0,1016992,6304,1023296,1016992,1016992,0,0.000000,0,0,0,0,0,0,0,0,0,0.000000,0.999492,0,0,0.101128,0.463194,1,1,1,8,15,16,0,0,4149184,21.848850,0.604766,1914,2968
R16,3,l2cap-R16-s3,26ef6f0,cache,l2_capacity,loas,16,resnet19_T4_n5,layer_16_layer3_0_conv2,3,16384,8,256,32,2097152,16,32768,2048,64,16,4,1,khkw_split,-1,16,20,32,12,1,none,0,0,1,2,0,24,1,1,1,1,non_inclusive,lru,164432,126012,38420,1977280,2016192,0.980700,20480,38912,0.526316,18432,1179648,0,0,0,0,0,121224,481152,13368,615744,602376,602376,0,0.000000,0,0,0,0,0,0,0,0,0,0.000000,0.999492,0,0,0.101128,0.463194,1,1,1,8,15,16,0,0,4128704,25.108884,0.600732,1914,2968
R16,3,l2cap-R16-s3,26ef6f0,cache,l2_capacity,loas,16,resnet19_T4_n5,layer_16_layer3_0_conv2,3,16384,8,256,32,4194304,16,65536,4096,64,16,4,1,khkw_split,-1,16,20,32,12,1,none,0,0,1,2,0,24,1,1,1,1,non_inclusive,lru,164432,126012,38420,1977280,2016192,0.980700,20480,38912,0.526316,18432,1179648,0,0,0,0,0,121224,481152,13368,615744,602376,602376,0,0.000000,0,0,0,0,0,0,0,0,0,0.000000,0.999492,0,0,0.101128,0.463194,1,1,1,8,15,16,0,0,4128704,25.108884,0.600367,1914,2968
R16,3,l2cap-R16-s3,26ef6f0,cache,l2_capacity,loas,16,resnet19_T4_n5,layer_16_layer3_0_conv2,3,16384,8,256,32,8388608,16,131072,8192,64,16,4,1,khkw_split,-1,16,20,32,12,1,none,0,0,1,2,0,24,1,1,1,1,non_inclusive,lru,164432,126012,38420,1977280,2016192,0.980700,20480,38912,0.526316,18432,1179648,0,0,0,0,0,121224,481152,13368,615744,602376,602376,0,0.000000,0,0,0,0,0,0,0,0,0,0.000000,0.999492,0,0,0.101128,0.463194,1,1,1,8,15,16,0,0,4128704,25.108884,0.600374,1914,2968
R16,3,l2cap-R16-s3,26ef6f0,cache,l2_capacity,loas,16,resnet19_T4_n5,layer_16_layer3_0_conv2,3,16384,8,256,32,16777216,16,262144,16384,64,16,4,1,khkw_split,-1,16,20,32,12,1,none,0,0,1,2,0,24,1,1,1,1,non_inclusive,lru,164432,126012,38420,1977280,2016192,0.980700,20480,38912,0.526316,18432,1179648,0,0,0,0,0,121224,481152,13368,615744,602376,602376,0,0.000000,0,0,0,0,0,0,0,0,0,0.000000,0.999492,0,0,0.101128,0.463194,1,1,1,8,15,16,0,0,4128704,25.108884,0.603534,1914,2968
R16,4,l2cap-R16-s4,26ef6f0,cache,l2_capacity,loas,16,resnet19_T4_n5,layer_16_layer3_0_conv2,4,16384,8,256,32,524288,16,8192,512,64,16,4,1,khkw_split,-1,16,20,32,12,1,none,0,0,1,2,0,24,1,1,1,1,non_inclusive,lru,187648,123756,63892,1941184,1980096,0.980348,0,38912,0.000000,38912,2490368,0,0,0,0,0,0,1016992,6304,1023296,1016992,1016992,0,0.000000,0,0,0,0,0,0,0,0,0,0.000000,0.999483,0,0,0.123264,0.471638,1,1,1,8,15,16,0,0,4076992,21.726808,0.598953,1882,2891
R16,4,l2cap-R16-s4,26ef6f0,cache,l2_capacity,loas,16,resnet19_T4_n5,layer_16_layer3_0_conv2,4,16384,8,256,32,1048576,16,16384,1024,64,16,4,1,khkw_split,-1,16,20,32,12,1,none,0,0,1,2,0,24,1,1,1,1,non_inclusive,lru,187648,123756,63892,1941184,1980096,0.980348,0,38912,0.000000,38912,2490368,0,0,0,0,0,0,1016992,6304,1023296,1016992,1016992,0,0.000000,0,0,0,0,0,0,0,0,0,0.000000,0.999483,0,0,0.123264,0.471638,1,1,1,8,15,16,0,0,4076992,21.726808,0.602717,1882,2891
R16,4,l2cap-R16-s4,26ef6f0,cache,l2_capacity,loas,16,resnet19_T4_n5,layer_16_layer3_0_conv2,4,16384,8,256,32,2097152,16,32768,2048,64,16,4,1,khkw_split,-1,16,20,32,12,1,none,0,0,1,2,0,24,1,1,1,1,non_inclusive,lru,162452,123756,38696,1941184,1980096,0.980348,20480,38912,0.526316,18432,1179648,0,0,0,0,0,126788,481152,12220,620160,607940,607940,0,0.000000,0,0,0,0,0,0,0,0,0,0.000000,0.999483,0,0,0.123264,0.471638,1,1,1,8,15,16,0,0,4056512,24.970527,0.591589,1882,2891
R16,4,l2cap-R16-s4,26ef6f0,cache,l2_capacity,loas,16,resnet19_T4_n5,layer_16_layer3_0_conv2,4,16384,8,256,32,4194304,16,65536,4096,64,16,4,1,khkw_split,-1,16,20,32,12,1,none,0,0,1,2,0,24,1,1,1,1,non_inclusive,lru,162452,123756,38696,1941184,1980096,0.980348,20480,38912,0.526316,18432,1179648,0,0,0,0,0,126788,481152,12220,620160,607940,607940,0,0.000000,0,0,0,0,0,0,0,0,0,0.000000,0.999483,0,0,0.123264,0.471638,1,1,1,8,15,16,0,0,4056512,24.970527,0.591201,1882,2891
R16,4,l2cap-R16-s4,26ef6f0,cache,l2_capacity,loas,16,resnet19_T4_n5,layer_16_layer3_0_conv2,4,16384,8,256,32,8388608,16,131072,8192,64,16,4,1,khkw_split,-1,16,20,32,12,1,none,0,0,1,2,0,24,1,1,1,1,non_inclusive,lru,162452,123756,38696,1941184,1980096,0.980348,20480,38912,0.526316,18432,1179648,0,0,0,0,0,126788,481152,12220,620160,607940,607940,0,0.000000,0,0,0,0,0,0,0,0,0,0.000000,0.999483,0,0,0.123264,0.471638,1,1,1,8,15,16,0,0,4056512,24.970527,0.590884,1882,2891
R16,4,l2cap-R16-s4,26ef6f0,cache,l2_capacity,loas,16,resnet19_T4_n5,layer_16_layer3_0_conv2,4,16384,8,256,32,16777216,16,262144,16384,64,16,4,1,khkw_split,-1,16,20,32,12,1,none,0,0,1,2,0,24,1,1,1,1,non_inclusive,lru,162452,123756,38696,1941184,1980096,0.980348,20480,38912,0.526316,18432,1179648,0,0,0,0,0,126788,481152,12220,620160,607940,607940,0,0.000000,0,0,0,0,0,0,0,0,0,0.000000,0.999483,0,0,0.123264,0.471638,1,1,1,8,15,16,0,0,4056512,24.970527,0.595007,1882,2891
R9,0,l2cap-R9-s0,26ef6f0,cache,l2_capacity,loas,16,resnet19_T4_n5,layer_09_layer2_0_conv2,0,16384,8,256,32,524288,16,8192,512,64,16,4,1,khkw_split,-1,16,20,32,12,1,none,0,0,1,2,0,24,1,1,1,1,non_inclusive,lru,93992,86384,7608,1377536,1382144,0.996666,0,4608,0.000000,4608,294912,0,0,0,0,0,0,120768,3008,123776,120768,120768,0,0.000000,0,0,0,0,0,0,0,0,0,0.000000,0.998518,0,0,0.000434,0.080015,1,1,1,11,15,16,0,0,2778240,29.558260,0.398409,737,902
R9,0,l2cap-R9-s0,26ef6f0,cache,l2_capacity,loas,16,resnet19_T4_n5,layer_09_layer2_0_conv2,0,16384,8,256,32,1048576,16,16384,1024,64,16,4,1,khkw_split,-1,16,20,32,12,1,none,0,0,1,2,0,24,1,1,1,1,non_inclusive,lru,93992,86384,7608,1377536,1382144,0.996666,0,4608,0.000000,4608,294912,0,0,0,0,0,0,120768,3008,123776,120768,120768,0,0.000000,0,0,0,0,0,0,0,0,0,0.000000,0.998518,0,0,0.000434,0.080015,1,1,1,11,15,16,0,0,2778240,29.558260,0.396640,737,902
R9,0,l2cap-R9-s0,26ef6f0,cache,l2_capacity,loas,16,resnet19_T4_n5,layer_09_layer2_0_conv2,0,16384,8,256,32,2097152,16,32768,2048,64,16,4,1,khkw_split,-1,16,20,32,12,1,none,0,0,1,2,0,24,1,1,1,1,non_inclusive,lru,93992,86384,7608,1377536,1382144,0.996666,0,4608,0.000000,4608,294912,0,0,0,0,0,0,120768,3008,123776,120768,120768,0,0.000000,0,0,0,0,0,0,0,0,0,0.000000,0.998518,0,0,0.000434,0.080015,1,1,1,11,15,16,0,0,2778240,29.558260,0.399050,737,902
R9,0,l2cap-R9-s0,26ef6f0,cache,l2_capacity,loas,16,resnet19_T4_n5,layer_09_layer2_0_conv2,0,16384,8,256,32,4194304,16,65536,4096,64,16,4,1,khkw_split,-1,16,20,32,12,1,none,0,0,1,2,0,24,1,1,1,1,non_inclusive,lru,93992,86384,7608,1377536,1382144,0.996666,0,4608,0.000000,4608,294912,0,0,0,0,0,0,120768,3008,123776,120768,120768,0,0.000000,0,0,0,0,0,0,0,0,0,0.000000,0.998518,0,0,0.000434,0.080015,1,1,1,11,15,16,0,0,2778240,29.558260,0.398569,737,902
R9,0,l2cap-R9-s0,26ef6f0,cache,l2_capacity,loas,16,resnet19_T4_n5,layer_09_layer2_0_conv2,0,16384,8,256,32,8388608,16,131072,8192,64,16,4,1,khkw_split,-1,16,20,32,12,1,none,0,0,1,2,0,24,1,1,1,1,non_inclusive,lru,93992,86384,7608,1377536,1382144,0.996666,0,4608,0.000000,4608,294912,0,0,0,0,0,0,120768,3008,123776,120768,120768,0,0.000000,0,0,0,0,0,0,0,0,0,0.000000,0.998518,0,0,0.000434,0.080015,1,1,1,11,15,16,0,0,2778240,29.558260,0.398937,737,902
R9,0,l2cap-R9-s0,26ef6f0,cache,l2_capacity,loas,16,resnet19_T4_n5,layer_09_layer2_0_conv2,0,16384,8,256,32,16777216,16,262144,16384,64,16,4,1,khkw_split,-1,16,20,32,12,1,none,0,0,1,2,0,24,1,1,1,1,non_inclusive,lru,93992,86384,7608,1377536,1382144,0.996666,0,4608,0.000000,4608,294912,0,0,0,0,0,0,120768,3008,123776,120768,120768,0,0.000000,0,0,0,0,0,0,0,0,0,0.000000,0.998518,0,0,0.000434,0.080015,1,1,1,11,15,16,0,0,2778240,29.558260,0.397747,737,902
R9,1,l2cap-R9-s1,26ef6f0,cache,l2_capacity,loas,16,resnet19_T4_n5,layer_09_layer2_0_conv2,1,16384,8,256,32,524288,16,8192,512,64,16,4,1,khkw_split,-1,16,20,32,12,1,none,0,0,1,2,0,24,1,1,1,1,non_inclusive,lru,74518,66910,7608,1065952,1070560,0.995696,0,4608,0.000000,4608,294912,0,0,0,0,0,0,120768,3008,123776,120768,120768,0,0.000000,0,0,0,0,0,0,0,0,0,0.000000,0.998087,0,0,0.062934,0.103303,1,1,1,11,15,16,0,0,2155072,28.920154,0.317756,542,768
R9,1,l2cap-R9-s1,26ef6f0,cache,l2_capacity,loas,16,resnet19_T4_n5,layer_09_layer2_0_conv2,1,16384,8,256,32,1048576,16,16384,1024,64,16,4,1,khkw_split,-1,16,20,32,12,1,none,0,0,1,2,0,24,1,1,1,1,non_inclusive,lru,74518,66910,7608,1065952,1070560,0.995696,0,4608,0.000000,4608,294912,0,0,0,0,0,0,120768,3008,123776,120768,120768,0,0.000000,0,0,0,0,0,0,0,0,0,0.000000,0.998087,0,0,0.062934,0.103303,1,1,1,11,15,16,0,0,2155072,28.920154,0.306685,542,768
R9,1,l2cap-R9-s1,26ef6f0,cache,l2_capacity,loas,16,resnet19_T4_n5,layer_09_layer2_0_conv2,1,16384,8,256,32,2097152,16,32768,2048,64,16,4,1,khkw_split,-1,16,20,32,12,1,none,0,0,1,2,0,24,1,1,1,1,non_inclusive,lru,74518,66910,7608,1065952,1070560,0.995696,0,4608,0.000000,4608,294912,0,0,0,0,0,0,120768,3008,123776,120768,120768,0,0.000000,0,0,0,0,0,0,0,0,0,0.000000,0.998087,0,0,0.062934,0.103303,1,1,1,11,15,16,0,0,2155072,28.920154,0.307261,542,768
R9,1,l2cap-R9-s1,26ef6f0,cache,l2_capacity,loas,16,resnet19_T4_n5,layer_09_layer2_0_conv2,1,16384,8,256,32,4194304,16,65536,4096,64,16,4,1,khkw_split,-1,16,20,32,12,1,none,0,0,1,2,0,24,1,1,1,1,non_inclusive,lru,74518,66910,7608,1065952,1070560,0.995696,0,4608,0.000000,4608,294912,0,0,0,0,0,0,120768,3008,123776,120768,120768,0,0.000000,0,0,0,0,0,0,0,0,0,0.000000,0.998087,0,0,0.062934,0.103303,1,1,1,11,15,16,0,0,2155072,28.920154,0.306815,542,768
R9,1,l2cap-R9-s1,26ef6f0,cache,l2_capacity,loas,16,resnet19_T4_n5,layer_09_layer2_0_conv2,1,16384,8,256,32,8388608,16,131072,8192,64,16,4,1,khkw_split,-1,16,20,32,12,1,none,0,0,1,2,0,24,1,1,1,1,non_inclusive,lru,74518,66910,7608,1065952,1070560,0.995696,0,4608,0.000000,4608,294912,0,0,0,0,0,0,120768,3008,123776,120768,120768,0,0.000000,0,0,0,0,0,0,0,0,0,0.000000,0.998087,0,0,0.062934,0.103303,1,1,1,11,15,16,0,0,2155072,28.920154,0.310543,542,768
R9,1,l2cap-R9-s1,26ef6f0,cache,l2_capacity,loas,16,resnet19_T4_n5,layer_09_layer2_0_conv2,1,16384,8,256,32,16777216,16,262144,16384,64,16,4,1,khkw_split,-1,16,20,32,12,1,none,0,0,1,2,0,24,1,1,1,1,non_inclusive,lru,74518,66910,7608,1065952,1070560,0.995696,0,4608,0.000000,4608,294912,0,0,0,0,0,0,120768,3008,123776,120768,120768,0,0.000000,0,0,0,0,0,0,0,0,0,0.000000,0.998087,0,0,0.062934,0.103303,1,1,1,11,15,16,0,0,2155072,28.920154,0.310537,542,768
R9,2,l2cap-R9-s2,26ef6f0,cache,l2_capacity,loas,16,resnet19_T4_n5,layer_09_layer2_0_conv2,2,16384,8,256,32,524288,16,8192,512,64,16,4,1,khkw_split,-1,16,20,32,12,1,none,0,0,1,2,0,24,1,1,1,1,non_inclusive,lru,75996,68358,7638,1089120,1093728,0.995787,0,4608,0.000000,4608,294912,0,0,0,0,0,0,121008,3248,124256,121008,121008,0,0.000000,0,0,0,0,0,0,0,0,0,0.000000,0.998128,0,0,0.111979,0.101115,1,1,1,11,15,16,0,0,2201408,28.967419,0.316947,600,738
R9,2,l2cap-R9-s2,26ef6f0,cache,l2_capacity,loas,16,resnet19_T4_n5,layer_09_layer2_0_conv2,2,16384,8,256,32,1048576,16,16384,1024,64,16,4,1,khkw_split,-1,16,20,32,12,1,none,0,0,1,2,0,24,1,1,1,1,non_inclusive,lru,75996,68358,7638,1089120,1093728,0.995787,0,4608,0.000000,4608,294912,0,0,0,0,0,0,121008,3248,124256,121008,121008,0,0.000000,0,0,0,0,0,0,0,0,0,0.000000,0.998128,0,0,0.111979,0.101115,1,1,1,11,15,16,0,0,2201408,28.967419,0.314378,600,738
R9,2,l2cap-R9-s2,26ef6f0,cache,l2_capacity,loas,16,resnet19_T4_n5,layer_09_layer2_0_conv2,2,16384,8,256,32,2097152,16,32768,2048,64,16,4,1,khkw_split,-1,16,20,32,12,1,none,0,0,1,2,0,24,1,1,1,1,non_inclusive,lru,75996,68358,7638,1089120,1093728,0.995787,0,4608,0.000000,4608,294912,0,0,0,0,0,0,121008,3248,124256,121008,121008,0,0.000000,0,0,0,0,0,0,0,0,0,0.000000,0.998128,0,0,0.111979,0.101115,1,1,1,11,15,16,0,0,2201408,28.967419,0.314691,600,738
R9,2,l2cap-R9-s2,26ef6f0,cache,l2_capacity,loas,16,resnet19_T4_n5,layer_09_layer2_0_conv2,2,16384,8,256,32,4194304,16,65536,4096,64,16,4,1,khkw_split,-1,16,20,32,12,1,none,0,0,1,2,0,24,1,1,1,1,non_inclusive,lru,75996,68358,7638,1089120,1093728,0.995787,0,4608,0.000000,4608,294912,0,0,0,0,0,0,121008,3248,124256,121008,121008,0,0.000000,0,0,0,0,0,0,0,0,0,0.000000,0.998128,0,0,0.111979,0.101115,1,1,1,11,15,16,0,0,2201408,28.967419,0.315228,600,738
R9,2,l2cap-R9-s2,26ef6f0,cache,l2_capacity,loas,16,resnet19_T4_n5,layer_09_layer2_0_conv2,2,16384,8,256,32,8388608,16,131072,8192,64,16,4,1,khkw_split,-1,16,20,32,12,1,none,0,0,1,2,0,24,1,1,1,1,non_inclusive,lru,75996,68358,7638,1089120,1093728,0.995787,0,4608,0.000000,4608,294912,0,0,0,0,0,0,121008,3248,124256,121008,121008,0,0.000000,0,0,0,0,0,0,0,0,0,0.000000,0.998128,0,0,0.111979,0.101115,1,1,1,11,15,16,0,0,2201408,28.967419,0.315437,600,738
R9,2,l2cap-R9-s2,26ef6f0,cache,l2_capacity,loas,16,resnet19_T4_n5,layer_09_layer2_0_conv2,2,16384,8,256,32,16777216,16,262144,16384,64,16,4,1,khkw_split,-1,16,20,32,12,1,none,0,0,1,2,0,24,1,1,1,1,non_inclusive,lru,75996,68358,7638,1089120,1093728,0.995787,0,4608,0.000000,4608,294912,0,0,0,0,0,0,121008,3248,124256,121008,121008,0,0.000000,0,0,0,0,0,0,0,0,0,0.000000,0.998128,0,0,0.111979,0.101115,1,1,1,11,15,16,0,0,2201408,28.967419,0.315376,600,738
R9,3,l2cap-R9-s3,26ef6f0,cache,l2_capacity,loas,16,resnet19_T4_n5,layer_09_layer2_0_conv2,3,16384,8,256,32,524288,16,8192,512,64,16,4,1,khkw_split,-1,16,20,32,12,1,none,0,0,1,2,0,24,1,1,1,1,non_inclusive,lru,86562,78954,7608,1258656,1263264,0.996352,0,4608,0.000000,4608,294912,0,0,0,0,0,0,120768,3008,123776,120768,120768,0,0.000000,0,0,0,0,0,0,0,0,0,0.000000,0.998379,0,0,0.006076,0.087545,1,1,1,11,15,16,0,0,2540480,29.348675,0.362135,630,844
R9,3,l2cap-R9-s3,26ef6f0,cache,l2_capacity,loas,16,resnet19_T4_n5,layer_09_layer2_0_conv2,3,16384,8,256,32,1048576,16,16384,1024,64,16,4,1,khkw_split,-1,16,20,32,12,1,none,0,0,1,2,0,24,1,1,1,1,non_inclusive,lru,86562,78954,7608,1258656,1263264,0.996352,0,4608,0.000000,4608,294912,0,0,0,0,0,0,120768,3008,123776,120768,120768,0,0.000000,0,0,0,0,0,0,0,0,0,0.000000,0.998379,0,0,0.006076,0.087545,1,1,1,11,15,16,0,0,2540480,29.348675,0.360851,630,844
R9,3,l2cap-R9-s3,26ef6f0,cache,l2_capacity,loas,16,resnet19_T4_n5,layer_09_layer2_0_conv2,3,16384,8,256,32,2097152,16,32768,2048,64,16,4,1,khkw_split,-1,16,20,32,12,1,none,0,0,1,2,0,24,1,1,1,1,non_inclusive,lru,86562,78954,7608,1258656,1263264,0.996352,0,4608,0.000000,4608,294912,0,0,0,0,0,0,120768,3008,123776,120768,120768,0,0.000000,0,0,0,0,0,0,0,0,0,0.000000,0.998379,0,0,0.006076,0.087545,1,1,1,11,15,16,0,0,2540480,29.348675,0.363227,630,844
R9,3,l2cap-R9-s3,26ef6f0,cache,l2_capacity,loas,16,resnet19_T4_n5,layer_09_layer2_0_conv2,3,16384,8,256,32,4194304,16,65536,4096,64,16,4,1,khkw_split,-1,16,20,32,12,1,none,0,0,1,2,0,24,1,1,1,1,non_inclusive,lru,86562,78954,7608,1258656,1263264,0.996352,0,4608,0.000000,4608,294912,0,0,0,0,0,0,120768,3008,123776,120768,120768,0,0.000000,0,0,0,0,0,0,0,0,0,0.000000,0.998379,0,0,0.006076,0.087545,1,1,1,11,15,16,0,0,2540480,29.348675,0.363061,630,844
R9,3,l2cap-R9-s3,26ef6f0,cache,l2_capacity,loas,16,resnet19_T4_n5,layer_09_layer2_0_conv2,3,16384,8,256,32,8388608,16,131072,8192,64,16,4,1,khkw_split,-1,16,20,32,12,1,none,0,0,1,2,0,24,1,1,1,1,non_inclusive,lru,86562,78954,7608,1258656,1263264,0.996352,0,4608,0.000000,4608,294912,0,0,0,0,0,0,120768,3008,123776,120768,120768,0,0.000000,0,0,0,0,0,0,0,0,0,0.000000,0.998379,0,0,0.006076,0.087545,1,1,1,11,15,16,0,0,2540480,29.348675,0.363064,630,844
R9,3,l2cap-R9-s3,26ef6f0,cache,l2_capacity,loas,16,resnet19_T4_n5,layer_09_layer2_0_conv2,3,16384,8,256,32,16777216,16,262144,16384,64,16,4,1,khkw_split,-1,16,20,32,12,1,none,0,0,1,2,0,24,1,1,1,1,non_inclusive,lru,86562,78954,7608,1258656,1263264,0.996352,0,4608,0.000000,4608,294912,0,0,0,0,0,0,120768,3008,123776,120768,120768,0,0.000000,0,0,0,0,0,0,0,0,0,0.000000,0.998379,0,0,0.006076,0.087545,1,1,1,11,15,16,0,0,2540480,29.348675,0.361710,630,844
R9,4,l2cap-R9-s4,26ef6f0,cache,l2_capacity,loas,16,resnet19_T4_n5,layer_09_layer2_0_conv2,4,16384,8,256,32,524288,16,8192,512,64,16,4,1,khkw_split,-1,16,20,32,12,1,none,0,0,1,2,0,24,1,1,1,1,non_inclusive,lru,92744,85106,7638,1357088,1361696,0.996616,0,4608,0.000000,4608,294912,0,0,0,0,0,0,121008,3248,124256,121008,121008,0,0.000000,0,0,0,0,0,0,0,0,0,0.000000,0.998496,0,0,0.011719,0.081216,1,1,1,11,15,16,0,0,2737344,29.515052,0.392613,735,966
R9,4,l2cap-R9-s4,26ef6f0,cache,l2_capacity,loas,16,resnet19_T4_n5,layer_09_layer2_0_conv2,4,16384,8,256,32,1048576,16,16384,1024,64,16,4,1,khkw_split,-1,16,20,32,12,1,none,0,0,1,2,0,24,1,1,1,1,non_inclusive,lru,92744,85106,7638,1357088,1361696,0.996616,0,4608,0.000000,4608,294912,0,0,0,0,0,0,121008,3248,124256,121008,121008,0,0.000000,0,0,0,0,0,0,0,0,0,0.000000,0.998496,0,0,0.011719,0.081216,1,1,1,11,15,16,0,0,2737344,29.515052,0.390666,735,966
R9,4,l2cap-R9-s4,26ef6f0,cache,l2_capacity,loas,16,resnet19_T4_n5,layer_09_layer2_0_conv2,4,16384,8,256,32,2097152,16,32768,2048,64,16,4,1,khkw_split,-1,16,20,32,12,1,none,0,0,1,2,0,24,1,1,1,1,non_inclusive,lru,92744,85106,7638,1357088,1361696,0.996616,0,4608,0.000000,4608,294912,0,0,0,0,0,0,121008,3248,124256,121008,121008,0,0.000000,0,0,0,0,0,0,0,0,0,0.000000,0.998496,0,0,0.011719,0.081216,1,1,1,11,15,16,0,0,2737344,29.515052,0.392145,735,966
R9,4,l2cap-R9-s4,26ef6f0,cache,l2_capacity,loas,16,resnet19_T4_n5,layer_09_layer2_0_conv2,4,16384,8,256,32,4194304,16,65536,4096,64,16,4,1,khkw_split,-1,16,20,32,12,1,none,0,0,1,2,0,24,1,1,1,1,non_inclusive,lru,92744,85106,7638,1357088,1361696,0.996616,0,4608,0.000000,4608,294912,0,0,0,0,0,0,121008,3248,124256,121008,121008,0,0.000000,0,0,0,0,0,0,0,0,0,0.000000,0.998496,0,0,0.011719,0.081216,1,1,1,11,15,16,0,0,2737344,29.515052,0.394544,735,966
R9,4,l2cap-R9-s4,26ef6f0,cache,l2_capacity,loas,16,resnet19_T4_n5,layer_09_layer2_0_conv2,4,16384,8,256,32,8388608,16,131072,8192,64,16,4,1,khkw_split,-1,16,20,32,12,1,none,0,0,1,2,0,24,1,1,1,1,non_inclusive,lru,92744,85106,7638,1357088,1361696,0.996616,0,4608,0.000000,4608,294912,0,0,0,0,0,0,121008,3248,124256,121008,121008,0,0.000000,0,0,0,0,0,0,0,0,0,0.000000,0.998496,0,0,0.011719,0.081216,1,1,1,11,15,16,0,0,2737344,29.515052,0.391526,735,966
R9,4,l2cap-R9-s4,26ef6f0,cache,l2_capacity,loas,16,resnet19_T4_n5,layer_09_layer2_0_conv2,4,16384,8,256,32,16777216,16,262144,16384,64,16,4,1,khkw_split,-1,16,20,32,12,1,none,0,0,1,2,0,24,1,1,1,1,non_inclusive,lru,92744,85106,7638,1357088,1361696,0.996616,0,4608,0.000000,4608,294912,0,0,0,0,0,0,121008,3248,124256,121008,121008,0,0.000000,0,0,0,0,0,0,0,0,0,0.000000,0.998496,0,0,0.011719,0.081216,1,1,1,11,15,16,0,0,2737344,29.515052,0.391752,735,966
V8,0,l2cap-V8-s0,26ef6f0,cache,l2_capacity,loas,16,vgg16_T4_n5,layer_08_features_27,0,16384,8,256,32,524288,16,8192,512,64,16,4,1,khkw_split,-1,16,20,32,12,1,none,0,0,1,2,0,24,1,1,1,1,non_inclusive,lru,290136,162352,127784,2519808,2597632,0.970040,0,77824,0.000000,77824,4980736,0,0,0,0,0,0,2033984,12608,2046592,2033984,2033984,0,0.000000,0,0,0,0,0,0,0,0,0,0.000000,0.999212,0,0,0.104167,0.719030,1,1,1,9,15,16,0,0,5428864,18.711446,0.862420,1226,1875
V8,0,l2cap-V8-s0,26ef6f0,cache,l2_capacity,loas,16,vgg16_T4_n5,layer_08_features_27,0,16384,8,256,32,1048576,16,16384,1024,64,16,4,1,khkw_split,-1,16,20,32,12,1,none,0,0,1,2,0,24,1,1,1,1,non_inclusive,lru,290136,162352,127784,2519808,2597632,0.970040,0,77824,0.000000,77824,4980736,0,0,0,0,0,0,2033984,12608,2046592,2033984,2033984,0,0.000000,0,0,0,0,0,0,0,0,0,0.000000,0.999212,0,0,0.104167,0.719030,1,1,1,9,15,16,0,0,5428864,18.711446,0.800138,1226,1875
V8,0,l2cap-V8-s0,26ef6f0,cache,l2_capacity,loas,16,vgg16_T4_n5,layer_08_features_27,0,16384,8,256,32,2097152,16,32768,2048,64,16,4,1,khkw_split,-1,16,20,32,12,1,none,0,0,1,2,0,24,1,1,1,1,non_inclusive,lru,290136,162352,127784,2519808,2597632,0.970040,0,77824,0.000000,77824,4980736,0,0,0,0,0,0,2033984,12608,2046592,2033984,2033984,0,0.000000,0,0,0,0,0,0,0,0,0,0.000000,0.999212,0,0,0.104167,0.719030,1,1,1,9,15,16,0,0,5428864,18.711446,0.797117,1226,1875
V8,0,l2cap-V8-s0,26ef6f0,cache,l2_capacity,loas,16,vgg16_T4_n5,layer_08_features_27,0,16384,8,256,32,4194304,16,65536,4096,64,16,4,1,khkw_split,-1,16,20,32,12,1,none,0,0,1,2,0,24,1,1,1,1,non_inclusive,lru,248144,162352,85792,2519808,2597632,0.970040,40960,77824,0.526316,36864,2359296,0,0,0,0,0,390472,962304,21944,1374720,1352776,1352776,0,0.000000,0,0,0,0,0,0,0,0,0,0.000000,0.999212,0,0,0.104167,0.719030,1,1,1,9,15,16,0,0,5387904,21.712812,0.786880,1226,1875
V8,0,l2cap-V8-s0,26ef6f0,cache,l2_capacity,loas,16,vgg16_T4_n5,layer_08_features_27,0,16384,8,256,32,8388608,16,131072,8192,64,16,4,1,khkw_split,-1,16,20,32,12,1,none,0,0,1,2,0,24,1,1,1,1,non_inclusive,lru,248144,162352,85792,2519808,2597632,0.970040,40960,77824,0.526316,36864,2359296,0,0,0,0,0,390472,962304,21944,1374720,1352776,1352776,0,0.000000,0,0,0,0,0,0,0,0,0,0.000000,0.999212,0,0,0.104167,0.719030,1,1,1,9,15,16,0,0,5387904,21.712812,0.788636,1226,1875
V8,0,l2cap-V8-s0,26ef6f0,cache,l2_capacity,loas,16,vgg16_T4_n5,layer_08_features_27,0,16384,8,256,32,16777216,16,262144,16384,64,16,4,1,khkw_split,-1,16,20,32,12,1,none,0,0,1,2,0,24,1,1,1,1,non_inclusive,lru,248144,162352,85792,2519808,2597632,0.970040,40960,77824,0.526316,36864,2359296,0,0,0,0,0,390472,962304,21944,1374720,1352776,1352776,0,0.000000,0,0,0,0,0,0,0,0,0,0.000000,0.999212,0,0,0.104167,0.719030,1,1,1,9,15,16,0,0,5387904,21.712812,0.790450,1226,1875
V8,1,l2cap-V8-s1,26ef6f0,cache,l2_capacity,loas,16,vgg16_T4_n5,layer_08_features_27,1,16384,8,256,32,524288,16,8192,512,64,16,4,1,khkw_split,-1,16,20,32,12,1,none,0,0,1,2,0,24,1,1,1,1,non_inclusive,lru,276056,148272,127784,2294528,2372352,0.967195,0,77824,0.000000,77824,4980736,0,0,0,0,0,0,2033984,12608,2046592,2033984,2033984,0,0.000000,0,0,0,0,0,0,0,0,0,0.000000,0.999137,0,0,0.223524,0.787310,1,1,1,10,15,16,0,0,4978304,18.033674,0.795790,1125,1696
V8,1,l2cap-V8-s1,26ef6f0,cache,l2_capacity,loas,16,vgg16_T4_n5,layer_08_features_27,1,16384,8,256,32,1048576,16,16384,1024,64,16,4,1,khkw_split,-1,16,20,32,12,1,none,0,0,1,2,0,24,1,1,1,1,non_inclusive,lru,276056,148272,127784,2294528,2372352,0.967195,0,77824,0.000000,77824,4980736,0,0,0,0,0,0,2033984,12608,2046592,2033984,2033984,0,0.000000,0,0,0,0,0,0,0,0,0,0.000000,0.999137,0,0,0.223524,0.787310,1,1,1,10,15,16,0,0,4978304,18.033674,0.735946,1125,1696
V8,1,l2cap-V8-s1,26ef6f0,cache,l2_capacity,loas,16,vgg16_T4_n5,layer_08_features_27,1,16384,8,256,32,2097152,16,32768,2048,64,16,4,1,khkw_split,-1,16,20,32,12,1,none,0,0,1,2,0,24,1,1,1,1,non_inclusive,lru,276056,148272,127784,2294528,2372352,0.967195,0,77824,0.000000,77824,4980736,0,0,0,0,0,0,2033984,12608,2046592,2033984,2033984,0,0.000000,0,0,0,0,0,0,0,0,0,0.000000,0.999137,0,0,0.223524,0.787310,1,1,1,10,15,16,0,0,4978304,18.033674,0.739578,1125,1696
V8,1,l2cap-V8-s1,26ef6f0,cache,l2_capacity,loas,16,vgg16_T4_n5,layer_08_features_27,1,16384,8,256,32,4194304,16,65536,4096,64,16,4,1,khkw_split,-1,16,20,32,12,1,none,0,0,1,2,0,24,1,1,1,1,non_inclusive,lru,235048,148272,86776,2294528,2372352,0.967195,40960,77824,0.526316,36864,2359296,0,0,0,0,0,406488,962304,21672,1390464,1368792,1368792,0,0.000000,0,0,0,0,0,0,0,0,0,0.000000,0.999137,0,0,0.223524,0.787310,1,1,1,10,15,16,0,0,4937344,21.005684,0.730097,1125,1696
V8,1,l2cap-V8-s1,26ef6f0,cache,l2_capacity,loas,16,vgg16_T4_n5,layer_08_features_27,1,16384,8,256,32,8388608,16,131072,8192,64,16,4,1,khkw_split,-1,16,20,32,12,1,none,0,0,1,2,0,24,1,1,1,1,non_inclusive,lru,235048,148272,86776,2294528,2372352,0.967195,40960,77824,0.526316,36864,2359296,0,0,0,0,0,406488,962304,21672,1390464,1368792,1368792,0,0.000000,0,0,0,0,0,0,0,0,0,0.000000,0.999137,0,0,0.223524,0.787310,1,1,1,10,15,16,0,0,4937344,21.005684,0.741170,1125,1696
V8,1,l2cap-V8-s1,26ef6f0,cache,l2_capacity,loas,16,vgg16_T4_n5,layer_08_features_27,1,16384,8,256,32,16777216,16,262144,16384,64,16,4,1,khkw_split,-1,16,20,32,12,1,none,0,0,1,2,0,24,1,1,1,1,non_inclusive,lru,235048,148272,86776,2294528,2372352,0.967195,40960,77824,0.526316,36864,2359296,0,0,0,0,0,406488,962304,21672,1390464,1368792,1368792,0,0.000000,0,0,0,0,0,0,0,0,0,0.000000,0.999137,0,0,0.223524,0.787310,1,1,1,10,15,16,0,0,4937344,21.005684,0.747281,1125,1696
V8,2,l2cap-V8-s2,26ef6f0,cache,l2_capacity,loas,16,vgg16_T4_n5,layer_08_features_27,2,16384,8,256,32,524288,16,8192,512,64,16,4,1,khkw_split,-1,16,20,32,12,1,none,0,0,1,2,0,24,1,1,1,1,non_inclusive,lru,273984,146200,127784,2261376,2339200,0.966731,0,77824,0.000000,77824,4980736,0,0,0,0,0,0,2033984,12608,2046592,2033984,2033984,0,0.000000,0,0,0,0,0,0,0,0,0,0.000000,0.999124,0,0,0.210069,0.798468,1,1,1,10,15,16,0,0,4912000,17.928054,0.776286,1089,1666
V8,2,l2cap-V8-s2,26ef6f0,cache,l2_capacity,loas,16,vgg16_T4_n5,layer_08_features_27,2,16384,8,256,32,1048576,16,16384,1024,64,16,4,1,khkw_split,-1,16,20,32,12,1,none,0,0,1,2,0,24,1,1,1,1,non_inclusive,lru,273984,146200,127784,2261376,2339200,0.966731,0,77824,0.000000,77824,4980736,0,0,0,0,0,0,2033984,12608,2046592,2033984,2033984,0,0.000000,0,0,0,0,0,0,0,0,0,0.000000,0.999124,0,0,0.210069,0.798468,1,1,1,10,15,16,0,0,4912000,17.928054,0.715996,1089,1666
V8,2,l2cap-V8-s2,26ef6f0,cache,l2_capacity,loas,16,vgg16_T4_n5,layer_08_features_27,2,16384,8,256,32,2097152,16,32768,2048,64,16,4,1,khkw_split,-1,16,20,32,12,1,none,0,0,1,2,0,24,1,1,1,1,non_inclusive,lru,273984,146200,127784,2261376,2339200,0.966731,0,77824,0.000000,77824,4980736,0,0,0,0,0,0,2033984,12608,2046592,2033984,2033984,0,0.000000,0,0,0,0,0,0,0,0,0,0.000000,0.999124,0,0,0.210069,0.798468,1,1,1,10,15,16,0,0,4912000,17.928054,0.723702,1089,1666
V8,2,l2cap-V8-s2,26ef6f0,cache,l2_capacity,loas,16,vgg16_T4_n5,layer_08_features_27,2,16384,8,256,32,4194304,16,65536,4096,64,16,4,1,khkw_split,-1,16,20,32,12,1,none,0,0,1,2,0,24,1,1,1,1,non_inclusive,lru,233544,146200,87344,2261376,2339200,0.966731,40960,77824,0.526316,36864,2359296,0,0,0,0,0,416464,962304,20784,1399552,1378768,1378768,0,0.000000,0,0,0,0,0,0,0,0,0,0.000000,0.999124,0,0,0.210069,0.798468,1,1,1,10,15,16,0,0,4871040,20.857055,0.704191,1089,1666
V8,2,l2cap-V8-s2,26ef6f0,cache,l2_capacity,loas,16,vgg16_T4_n5,layer_08_features_27,2,16384,8,256,32,8388608,16,131072,8192,64,16,4,1,khkw_split,-1,16,20,32,12,1,none,0,0,1,2,0,24,1,1,1,1,non_inclusive,lru,233544,146200,87344,2261376,2339200,0.966731,40960,77824,0.526316,36864,2359296,0,0,0,0,0,416464,962304,20784,1399552,1378768,1378768,0,0.000000,0,0,0,0,0,0,0,0,0,0.000000,0.999124,0,0,0.210069,0.798468,1,1,1,10,15,16,0,0,4871040,20.857055,0.707760,1089,1666
V8,2,l2cap-V8-s2,26ef6f0,cache,l2_capacity,loas,16,vgg16_T4_n5,layer_08_features_27,2,16384,8,256,32,16777216,16,262144,16384,64,16,4,1,khkw_split,-1,16,20,32,12,1,none,0,0,1,2,0,24,1,1,1,1,non_inclusive,lru,233544,146200,87344,2261376,2339200,0.966731,40960,77824,0.526316,36864,2359296,0,0,0,0,0,416464,962304,20784,1399552,1378768,1378768,0,0.000000,0,0,0,0,0,0,0,0,0,0.000000,0.999124,0,0,0.210069,0.798468,1,1,1,10,15,16,0,0,4871040,20.857055,0.707307,1089,1666
V8,3,l2cap-V8-s3,26ef6f0,cache,l2_capacity,loas,16,vgg16_T4_n5,layer_08_features_27,3,16384,8,256,32,524288,16,8192,512,64,16,4,1,khkw_split,-1,16,20,32,12,1,none,0,0,1,2,0,24,1,1,1,1,non_inclusive,lru,283800,156016,127784,2418432,2496256,0.968824,0,77824,0.000000,77824,4980736,0,0,0,0,0,0,2033984,12608,2046592,2033984,2033984,0,0.000000,0,0,0,0,0,0,0,0,0,0.000000,0.999180,0,0,0.106337,0.748231,1,1,1,10,15,16,0,0,5226112,18.414771,0.829405,1155,1786
V8,3,l2cap-V8-s3,26ef6f0,cache,l2_capacity,loas,16,vgg16_T4_n5,layer_08_features_27,3,16384,8,256,32,1048576,16,16384,1024,64,16,4,1,khkw_split,-1,16,20,32,12,1,none,0,0,1,2,0,24,1,1,1,1,non_inclusive,lru,283800,156016,127784,2418432,2496256,0.968824,0,77824,0.000000,77824,4980736,0,0,0,0,0,0,2033984,12608,2046592,2033984,2033984,0,0.000000,0,0,0,0,0,0,0,0,0,0.000000,0.999180,0,0,0.106337,0.748231,1,1,1,10,15,16,0,0,5226112,18.414771,0.763170,1155,1786
V8,3,l2cap-V8-s3,26ef6f0,cache,l2_capacity,loas,16,vgg16_T4_n5,layer_08_features_27,3,16384,8,256,32,2097152,16,32768,2048,64,16,4,1,khkw_split,-1,16,20,32,12,1,none,0,0,1,2,0,24,1,1,1,1,non_inclusive,lru,283800,156016,127784,2418432,2496256,0.968824,0,77824,0.000000,77824,4980736,0,0,0,0,0,0,2033984,12608,2046592,2033984,2033984,0,0.000000,0,0,0,0,0,0,0,0,0,0.000000,0.999180,0,0,0.106337,0.748231,1,1,1,10,15,16,0,0,5226112,18.414771,0.763105,1155,1786
V8,3,l2cap-V8-s3,26ef6f0,cache,l2_capacity,loas,16,vgg16_T4_n5,layer_08_features_27,3,16384,8,256,32,4194304,16,65536,4096,64,16,4,1,khkw_split,-1,16,20,32,12,1,none,0,0,1,2,0,24,1,1,1,1,non_inclusive,lru,242104,156016,86088,2418432,2496256,0.968824,40960,77824,0.526316,36864,2359296,0,0,0,0,0,393640,962304,23512,1379456,1355944,1355944,0,0.000000,0,0,0,0,0,0,0,0,0,0.000000,0.999180,0,0,0.106337,0.748231,1,1,1,10,15,16,0,0,5185152,21.417044,0.751478,1155,1786
V8,3,l2cap-V8-s3,26ef6f0,cache,l2_capacity,loas,16,vgg16_T4_n5,layer_08_features_27,3,16384,8,256,32,8388608,16,131072,8192,64,16,4,1,khkw_split,-1,16,20,32,12,1,none,0,0,1,2,0,24,1,1,1,1,non_inclusive,lru,242104,156016,86088,2418432,2496256,0.968824,40960,77824,0.526316,36864,2359296,0,0,0,0,0,393640,962304,23512,1379456,1355944,1355944,0,0.000000,0,0,0,0,0,0,0,0,0,0.000000,0.999180,0,0,0.106337,0.748231,1,1,1,10,15,16,0,0,5185152,21.417044,0.751106,1155,1786
V8,3,l2cap-V8-s3,26ef6f0,cache,l2_capacity,loas,16,vgg16_T4_n5,layer_08_features_27,3,16384,8,256,32,16777216,16,262144,16384,64,16,4,1,khkw_split,-1,16,20,32,12,1,none,0,0,1,2,0,24,1,1,1,1,non_inclusive,lru,242104,156016,86088,2418432,2496256,0.968824,40960,77824,0.526316,36864,2359296,0,0,0,0,0,393640,962304,23512,1379456,1355944,1355944,0,0.000000,0,0,0,0,0,0,0,0,0,0.000000,0.999180,0,0,0.106337,0.748231,1,1,1,10,15,16,0,0,5185152,21.417044,0.756152,1155,1786
V8,4,l2cap-V8-s4,26ef6f0,cache,l2_capacity,loas,16,vgg16_T4_n5,layer_08_features_27,4,16384,8,256,32,524288,16,8192,512,64,16,4,1,khkw_split,-1,16,20,32,12,1,none,0,0,1,2,0,24,1,1,1,1,non_inclusive,lru,290296,162512,127784,2522368,2600192,0.970070,0,77824,0.000000,77824,4980736,0,0,0,0,0,0,2033984,12608,2046592,2033984,2033984,0,0.000000,0,0,0,0,0,0,0,0,0,0.000000,0.999212,0,0,0.104818,0.718322,1,1,1,9,15,16,0,0,5433984,18.718770,0.864161,1217,1890
V8,4,l2cap-V8-s4,26ef6f0,cache,l2_capacity,loas,16,vgg16_T4_n5,layer_08_features_27,4,16384,8,256,32,1048576,16,16384,1024,64,16,4,1,khkw_split,-1,16,20,32,12,1,none,0,0,1,2,0,24,1,1,1,1,non_inclusive,lru,290296,162512,127784,2522368,2600192,0.970070,0,77824,0.000000,77824,4980736,0,0,0,0,0,0,2033984,12608,2046592,2033984,2033984,0,0.000000,0,0,0,0,0,0,0,0,0,0.000000,0.999212,0,0,0.104818,0.718322,1,1,1,9,15,16,0,0,5433984,18.718770,0.804256,1217,1890
V8,4,l2cap-V8-s4,26ef6f0,cache,l2_capacity,loas,16,vgg16_T4_n5,layer_08_features_27,4,16384,8,256,32,2097152,16,32768,2048,64,16,4,1,khkw_split,-1,16,20,32,12,1,none,0,0,1,2,0,24,1,1,1,1,non_inclusive,lru,290296,162512,127784,2522368,2600192,0.970070,0,77824,0.000000,77824,4980736,0,0,0,0,0,0,2033984,12608,2046592,2033984,2033984,0,0.000000,0,0,0,0,0,0,0,0,0,0.000000,0.999212,0,0,0.104818,0.718322,1,1,1,9,15,16,0,0,5433984,18.718770,0.794548,1217,1890
V8,4,l2cap-V8-s4,26ef6f0,cache,l2_capacity,loas,16,vgg16_T4_n5,layer_08_features_27,4,16384,8,256,32,4194304,16,65536,4096,64,16,4,1,khkw_split,-1,16,20,32,12,1,none,0,0,1,2,0,24,1,1,1,1,non_inclusive,lru,248312,162512,85800,2522368,2600192,0.970070,40960,77824,0.526316,36864,2359296,0,0,0,0,0,390472,962304,22072,1374848,1352776,1352776,0,0.000000,0,0,0,0,0,0,0,0,0,0.000000,0.999212,0,0,0.104818,0.718322,1,1,1,9,15,16,0,0,5393024,21.718741,0.785306,1217,1890
V8,4,l2cap-V8-s4,26ef6f0,cache,l2_capacity,loas,16,vgg16_T4_n5,layer_08_features_27,4,16384,8,256,32,8388608,16,131072,8192,64,16,4,1,khkw_split,-1,16,20,32,12,1,none,0,0,1,2,0,24,1,1,1,1,non_inclusive,lru,248312,162512,85800,2522368,2600192,0.970070,40960,77824,0.526316,36864,2359296,0,0,0,0,0,390472,962304,22072,1374848,1352776,1352776,0,0.000000,0,0,0,0,0,0,0,0,0,0.000000,0.999212,0,0,0.104818,0.718322,1,1,1,9,15,16,0,0,5393024,21.718741,0.788277,1217,1890
V8,4,l2cap-V8-s4,26ef6f0,cache,l2_capacity,loas,16,vgg16_T4_n5,layer_08_features_27,4,16384,8,256,32,16777216,16,262144,16384,64,16,4,1,khkw_split,-1,16,20,32,12,1,none,0,0,1,2,0,24,1,1,1,1,non_inclusive,lru,248312,162512,85800,2522368,2600192,0.970070,40960,77824,0.526316,36864,2359296,0,0,0,0,0,390472,962304,22072,1374848,1352776,1352776,0,0.000000,0,0,0,0,0,0,0,0,0,0.000000,0.999212,0,0,0.104818,0.718322,1,1,1,9,15,16,0,0,5393024,21.718741,0.788069,1217,1890
V9,0,l2cap-V9-s0,26ef6f0,cache,l2_capacity,loas,16,vgg16_T4_n5,layer_09_features_30,0,16384,8,256,32,524288,16,8192,512,64,16,4,1,khkw_split,-1,16,20,32,12,1,none,0,0,1,2,0,24,1,1,1,1,non_inclusive,lru,439976,312192,127784,4917248,4995072,0.984420,0,77824,0.000000,77824,4980736,0,0,0,0,0,0,2033984,12608,2046592,2033984,2033984,0,0.000000,0,0,0,0,0,0,0,0,0,0.000000,0.999590,0,0,0.010200,0.373924,1,1,1,8,15,16,0,0,10223744,23.237049,1.494780,2362,3575
V9,0,l2cap-V9-s0,26ef6f0,cache,l2_capacity,loas,16,vgg16_T4_n5,layer_09_features_30,0,16384,8,256,32,1048576,16,16384,1024,64,16,4,1,khkw_split,-1,16,20,32,12,1,none,0,0,1,2,0,24,1,1,1,1,non_inclusive,lru,439976,312192,127784,4917248,4995072,0.984420,0,77824,0.000000,77824,4980736,0,0,0,0,0,0,2033984,12608,2046592,2033984,2033984,0,0.000000,0,0,0,0,0,0,0,0,0,0.000000,0.999590,0,0,0.010200,0.373924,1,1,1,8,15,16,0,0,10223744,23.237049,1.492332,2362,3575
V9,0,l2cap-V9-s0,26ef6f0,cache,l2_capacity,loas,16,vgg16_T4_n5,layer_09_features_30,0,16384,8,256,32,2097152,16,32768,2048,64,16,4,1,khkw_split,-1,16,20,32,12,1,none,0,0,1,2,0,24,1,1,1,1,non_inclusive,lru,439976,312192,127784,4917248,4995072,0.984420,0,77824,0.000000,77824,4980736,0,0,0,0,0,0,2033984,12608,2046592,2033984,2033984,0,0.000000,0,0,0,0,0,0,0,0,0,0.000000,0.999590,0,0,0.010200,0.373924,1,1,1,8,15,16,0,0,10223744,23.237049,1.494245,2362,3575
V9,0,l2cap-V9-s0,26ef6f0,cache,l2_capacity,loas,16,vgg16_T4_n5,layer_09_features_30,0,16384,8,256,32,4194304,16,65536,4096,64,16,4,1,khkw_split,-1,16,20,32,12,1,none,0,0,1,2,0,24,1,1,1,1,non_inclusive,lru,383888,312192,71696,4917248,4995072,0.984420,40960,77824,0.526316,36864,2359296,0,0,0,0,0,159624,962304,27256,1149184,1121928,1121928,0,0.000000,0,0,0,0,0,0,0,0,0,0.000000,0.999590,0,0,0.010200,0.373924,1,1,1,8,15,16,0,0,10182784,26.525403,1.477322,2362,3575
V9,0,l2cap-V9-s0,26ef6f0,cache,l2_capacity,loas,16,vgg16_T4_n5,layer_09_features_30,0,16384,8,256,32,8388608,16,131072,8192,64,16,4,1,khkw_split,-1,16,20,32,12,1,none,0,0,1,2,0,24,1,1,1,1,non_inclusive,lru,383888,312192,71696,4917248,4995072,0.984420,40960,77824,0.526316,36864,2359296,0,0,0,0,0,159624,962304,27256,1149184,1121928,1121928,0,0.000000,0,0,0,0,0,0,0,0,0,0.000000,0.999590,0,0,0.010200,0.373924,1,1,1,8,15,16,0,0,10182784,26.525403,1.484610,2362,3575
V9,0,l2cap-V9-s0,26ef6f0,cache,l2_capacity,loas,16,vgg16_T4_n5,layer_09_features_30,0,16384,8,256,32,16777216,16,262144,16384,64,16,4,1,khkw_split,-1,16,20,32,12,1,none,0,0,1,2,0,24,1,1,1,1,non_inclusive,lru,383888,312192,71696,4917248,4995072,0.984420,40960,77824,0.526316,36864,2359296,0,0,0,0,0,159624,962304,27256,1149184,1121928,1121928,0,0.000000,0,0,0,0,0,0,0,0,0,0.000000,0.999590,0,0,0.010200,0.373924,1,1,1,8,15,16,0,0,10182784,26.525403,1.478071,2362,3575
V9,1,l2cap-V9-s1,26ef6f0,cache,l2_capacity,loas,16,vgg16_T4_n5,layer_09_features_30,1,16384,8,256,32,524288,16,8192,512,64,16,4,1,khkw_split,-1,16,20,32,12,1,none,0,0,1,2,0,24,1,1,1,1,non_inclusive,lru,434656,306872,127784,4832128,4909952,0.984150,0,77824,0.000000,77824,4980736,0,0,0,0,0,0,2033984,12608,2046592,2033984,2033984,0,0.000000,0,0,0,0,0,0,0,0,0,0.000000,0.999583,0,0,0.018446,0.380406,1,1,1,8,15,16,0,0,10053504,23.129795,1.472873,2304,3507
V9,1,l2cap-V9-s1,26ef6f0,cache,l2_capacity,loas,16,vgg16_T4_n5,layer_09_features_30,1,16384,8,256,32,1048576,16,16384,1024,64,16,4,1,khkw_split,-1,16,20,32,12,1,none,0,0,1,2,0,24,1,1,1,1,non_inclusive,lru,434656,306872,127784,4832128,4909952,0.984150,0,77824,0.000000,77824,4980736,0,0,0,0,0,0,2033984,12608,2046592,2033984,2033984,0,0.000000,0,0,0,0,0,0,0,0,0,0.000000,0.999583,0,0,0.018446,0.380406,1,1,1,8,15,16,0,0,10053504,23.129795,1.470717,2304,3507
V9,1,l2cap-V9-s1,26ef6f0,cache,l2_capacity,loas,16,vgg16_T4_n5,layer_09_features_30,1,16384,8,256,32,2097152,16,32768,2048,64,16,4,1,khkw_split,-1,16,20,32,12,1,none,0,0,1,2,0,24,1,1,1,1,non_inclusive,lru,434656,306872,127784,4832128,4909952,0.984150,0,77824,0.000000,77824,4980736,0,0,0,0,0,0,2033984,12608,2046592,2033984,2033984,0,0.000000,0,0,0,0,0,0,0,0,0,0.000000,0.999583,0,0,0.018446,0.380406,1,1,1,8,15,16,0,0,10053504,23.129795,1.467925,2304,3507
V9,1,l2cap-V9-s1,26ef6f0,cache,l2_capacity,loas,16,vgg16_T4_n5,layer_09_features_30,1,16384,8,256,32,4194304,16,65536,4096,64,16,4,1,khkw_split,-1,16,20,32,12,1,none,0,0,1,2,0,24,1,1,1,1,non_inclusive,lru,379016,306872,72144,4832128,4909952,0.984150,40960,77824,0.526316,36864,2359296,0,0,0,0,0,166960,962304,27088,1156352,1129264,1129264,0,0.000000,0,0,0,0,0,0,0,0,0,0.000000,0.999583,0,0,0.018446,0.380406,1,1,1,8,15,16,0,0,10012544,26.417207,1.462246,2304,3507
V9,1,l2cap-V9-s1,26ef6f0,cache,l2_capacity,loas,16,vgg16_T4_n5,layer_09_features_30,1,16384,8,256,32,8388608,16,131072,8192,64,16,4,1,khkw_split,-1,16,20,32,12,1,none,0,0,1,2,0,24,1,1,1,1,non_inclusive,lru,379016,306872,72144,4832128,4909952,0.984150,40960,77824,0.526316,36864,2359296,0,0,0,0,0,166960,962304,27088,1156352,1129264,1129264,0,0.000000,0,0,0,0,0,0,0,0,0,0.000000,0.999583,0,0,0.018446,0.380406,1,1,1,8,15,16,0,0,10012544,26.417207,1.453096,2304,3507
V9,1,l2cap-V9-s1,26ef6f0,cache,l2_capacity,loas,16,vgg16_T4_n5,layer_09_features_30,1,16384,8,256,32,16777216,16,262144,16384,64,16,4,1,khkw_split,-1,16,20,32,12,1,none,0,0,1,2,0,24,1,1,1,1,non_inclusive,lru,379016,306872,72144,4832128,4909952,0.984150,40960,77824,0.526316,36864,2359296,0,0,0,0,0,166960,962304,27088,1156352,1129264,1129264,0,0.000000,0,0,0,0,0,0,0,0,0,0.000000,0.999583,0,0,0.018446,0.380406,1,1,1,8,15,16,0,0,10012544,26.417207,1.484505,2304,3507
V9,2,l2cap-V9-s2,26ef6f0,cache,l2_capacity,loas,16,vgg16_T4_n5,layer_09_features_30,2,16384,8,256,32,524288,16,8192,512,64,16,4,1,khkw_split,-1,16,20,32,12,1,none,0,0,1,2,0,24,1,1,1,1,non_inclusive,lru,440208,312424,127784,4920960,4998784,0.984431,0,77824,0.000000,77824,4980736,0,0,0,0,0,0,2033984,12608,2046592,2033984,2033984,0,0.000000,0,0,0,0,0,0,0,0,0,0.000000,0.999590,0,0,0.009983,0.373646,1,1,1,8,15,16,0,0,10231168,23.241668,1.539295,2343,3563
V9,2,l2cap-V9-s2,26ef6f0,cache,l2_capacity,loas,16,vgg16_T4_n5,layer_09_features_30,2,16384,8,256,32,1048576,16,16384,1024,64,16,4,1,khkw_split,-1,16,20,32,12,1,none,0,0,1,2,0,24,1,1,1,1,non_inclusive,lru,440208,312424,127784,4920960,4998784,0.984431,0,77824,0.000000,77824,4980736,0,0,0,0,0,0,2033984,12608,2046592,2033984,2033984,0,0.000000,0,0,0,0,0,0,0,0,0,0.000000,0.999590,0,0,0.009983,0.373646,1,1,1,8,15,16,0,0,10231168,23.241668,1.490309,2343,3563
V9,2,l2cap-V9-s2,26ef6f0,cache,l2_capacity,loas,16,vgg16_T4_n5,layer_09_features_30,2,16384,8,256,32,2097152,16,32768,2048,64,16,4,1,khkw_split,-1,16,20,32,12,1,none,0,0,1,2,0,24,1,1,1,1,non_inclusive,lru,440208,312424,127784,4920960,4998784,0.984431,0,77824,0.000000,77824,4980736,0,0,0,0,0,0,2033984,12608,2046592,2033984,2033984,0,0.000000,0,0,0,0,0,0,0,0,0,0.000000,0.999590,0,0,0.009983,0.373646,1,1,1,8,15,16,0,0,10231168,23.241668,1.483315,2343,3563
V9,2,l2cap-V9-s2,26ef6f0,cache,l2_capacity,loas,16,vgg16_T4_n5,layer_09_features_30,2,16384,8,256,32,4194304,16,65536,4096,64,16,4,1,khkw_split,-1,16,20,32,12,1,none,0,0,1,2,0,24,1,1,1,1,non_inclusive,lru,384112,312424,71688,4920960,4998784,0.984431,40960,77824,0.526316,36864,2359296,0,0,0,0,0,158752,962304,28000,1149056,1121056,1121056,0,0.000000,0,0,0,0,0,0,0,0,0,0.000000,0.999590,0,0,0.009983,0.373646,1,1,1,8,15,16,0,0,10190208,26.529262,1.472693,2343,3563
V9,2,l2cap-V9-s2,26ef6f0,cache,l2_capacity,loas,16,vgg16_T4_n5,layer_09_features_30,2,16384,8,256,32,8388608,16,131072,8192,64,16,4,1,khkw_split,-1,16,20,32,12,1,none,0,0,1,2,0,24,1,1,1,1,non_inclusive,lru,384112,312424,71688,4920960,4998784,0.984431,40960,77824,0.526316,36864,2359296,0,0,0,0,0,158752,962304,28000,1149056,1121056,1121056,0,0.000000,0,0,0,0,0,0,0,0,0,0.000000,0.999590,0,0,0.009983,0.373646,1,1,1,8,15,16,0,0,10190208,26.529262,1.476743,2343,3563
V9,2,l2cap-V9-s2,26ef6f0,cache,l2_capacity,loas,16,vgg16_T4_n5,layer_09_features_30,2,16384,8,256,32,16777216,16,262144,16384,64,16,4,1,khkw_split,-1,16,20,32,12,1,none,0,0,1,2,0,24,1,1,1,1,non_inclusive,lru,384112,312424,71688,4920960,4998784,0.984431,40960,77824,0.526316,36864,2359296,0,0,0,0,0,158752,962304,28000,1149056,1121056,1121056,0,0.000000,0,0,0,0,0,0,0,0,0,0.000000,0.999590,0,0,0.009983,0.373646,1,1,1,8,15,16,0,0,10190208,26.529262,1.480850,2343,3563
V9,3,l2cap-V9-s3,26ef6f0,cache,l2_capacity,loas,16,vgg16_T4_n5,layer_09_features_30,3,16384,8,256,32,524288,16,8192,512,64,16,4,1,khkw_split,-1,16,20,32,12,1,none,0,0,1,2,0,24,1,1,1,1,non_inclusive,lru,441560,313776,127784,4942592,5020416,0.984498,0,77824,0.000000,77824,4980736,0,0,0,0,0,0,2033984,12608,2046592,2033984,2033984,0,0.000000,0,0,0,0,0,0,0,0,0,0.000000,0.999592,0,0,0.008681,0.372036,1,1,1,8,15,16,0,0,10274432,23.268484,1.501604,2358,3567
V9,3,l2cap-V9-s3,26ef6f0,cache,l2_capacity,loas,16,vgg16_T4_n5,layer_09_features_30,3,16384,8,256,32,1048576,16,16384,1024,64,16,4,1,khkw_split,-1,16,20,32,12,1,none,0,0,1,2,0,24,1,1,1,1,non_inclusive,lru,441560,313776,127784,4942592,5020416,0.984498,0,77824,0.000000,77824,4980736,0,0,0,0,0,0,2033984,12608,2046592,2033984,2033984,0,0.000000,0,0,0,0,0,0,0,0,0,0.000000,0.999592,0,0,0.008681,0.372036,1,1,1,8,15,16,0,0,10274432,23.268484,1.504759,2358,3567
V9,3,l2cap-V9-s3,26ef6f0,cache,l2_capacity,loas,16,vgg16_T4_n5,layer_09_features_30,3,16384,8,256,32,2097152,16,32768,2048,64,16,4,1,khkw_split,-1,16,20,32,12,1,none,0,0,1,2,0,24,1,1,1,1,non_inclusive,lru,441560,313776,127784,4942592,5020416,0.984498,0,77824,0.000000,77824,4980736,0,0,0,0,0,0,2033984,12608,2046592,2033984,2033984,0,0.000000,0,0,0,0,0,0,0,0,0,0.000000,0.999592,0,0,0.008681,0.372036,1,1,1,8,15,16,0,0,10274432,23.268484,1.500329,2358,3567
V9,3,l2cap-V9-s3,26ef6f0,cache,l2_capacity,loas,16,vgg16_T4_n5,layer_09_features_30,3,16384,8,256,32,4194304,16,65536,4096,64,16,4,1,khkw_split,-1,16,20,32,12,1,none,0,0,1,2,0,24,1,1,1,1,non_inclusive,lru,385496,313776,71720,4942592,5020416,0.984498,40960,77824,0.526316,36864,2359296,0,0,0,0,0,158240,962304,29024,1149568,1120544,1120544,0,0.000000,0,0,0,0,0,0,0,0,0,0.000000,0.999592,0,0,0.008681,0.372036,1,1,1,8,15,16,0,0,10233472,26.546247,1.493923,2358,3567
V9,3,l2cap-V9-s3,26ef6f0,cache,l2_capacity,loas,16,vgg16_T4_n5,layer_09_features_30,3,16384,8,256,32,8388608,16,131072,8192,64,16,4,1,khkw_split,-1,16,20,32,12,1,none,0,0,1,2,0,24,1,1,1,1,non_inclusive,lru,385496,313776,71720,4942592,5020416,0.984498,40960,77824,0.526316,36864,2359296,0,0,0,0,0,158240,962304,29024,1149568,1120544,1120544,0,0.000000,0,0,0,0,0,0,0,0,0,0.000000,0.999592,0,0,0.008681,0.372036,1,1,1,8,15,16,0,0,10233472,26.546247,1.485973,2358,3567
V9,3,l2cap-V9-s3,26ef6f0,cache,l2_capacity,loas,16,vgg16_T4_n5,layer_09_features_30,3,16384,8,256,32,16777216,16,262144,16384,64,16,4,1,khkw_split,-1,16,20,32,12,1,none,0,0,1,2,0,24,1,1,1,1,non_inclusive,lru,385496,313776,71720,4942592,5020416,0.984498,40960,77824,0.526316,36864,2359296,0,0,0,0,0,158240,962304,29024,1149568,1120544,1120544,0,0.000000,0,0,0,0,0,0,0,0,0,0.000000,0.999592,0,0,0.008681,0.372036,1,1,1,8,15,16,0,0,10233472,26.546247,1.491550,2358,3567
V9,4,l2cap-V9-s4,26ef6f0,cache,l2_capacity,loas,16,vgg16_T4_n5,layer_09_features_30,4,16384,8,256,32,524288,16,8192,512,64,16,4,1,khkw_split,-1,16,20,32,12,1,none,0,0,1,2,0,24,1,1,1,1,non_inclusive,lru,430648,302864,127784,4768000,4845824,0.983940,0,77824,0.000000,77824,4980736,0,0,0,0,0,0,2033984,12608,2046592,2033984,2033984,0,0.000000,0,0,0,0,0,0,0,0,0,0.000000,0.999577,0,0,0.011719,0.385440,1,1,1,8,15,16,0,0,9925248,23.047240,1.443291,2274,3431
V9,4,l2cap-V9-s4,26ef6f0,cache,l2_capacity,loas,16,vgg16_T4_n5,layer_09_features_30,4,16384,8,256,32,1048576,16,16384,1024,64,16,4,1,khkw_split,-1,16,20,32,12,1,none,0,0,1,2,0,24,1,1,1,1,non_inclusive,lru,430648,302864,127784,4768000,4845824,0.983940,0,77824,0.000000,77824,4980736,0,0,0,0,0,0,2033984,12608,2046592,2033984,2033984,0,0.000000,0,0,0,0,0,0,0,0,0,0.000000,0.999577,0,0,0.011719,0.385440,1,1,1,8,15,16,0,0,9925248,23.047240,1.443360,2274,3431
V9,4,l2cap-V9-s4,26ef6f0,cache,l2_capacity,loas,16,vgg16_T4_n5,layer_09_features_30,4,16384,8,256,32,2097152,16,32768,2048,64,16,4,1,khkw_split,-1,16,20,32,12,1,none,0,0,1,2,0,24,1,1,1,1,non_inclusive,lru,430648,302864,127784,4768000,4845824,0.983940,0,77824,0.000000,77824,4980736,0,0,0,0,0,0,2033984,12608,2046592,2033984,2033984,0,0.000000,0,0,0,0,0,0,0,0,0,0.000000,0.999577,0,0,0.011719,0.385440,1,1,1,8,15,16,0,0,9925248,23.047240,1.459195,2274,3431
V9,4,l2cap-V9-s4,26ef6f0,cache,l2_capacity,loas,16,vgg16_T4_n5,layer_09_features_30,4,16384,8,256,32,4194304,16,65536,4096,64,16,4,1,khkw_split,-1,16,20,32,12,1,none,0,0,1,2,0,24,1,1,1,1,non_inclusive,lru,375536,302864,72672,4768000,4845824,0.983940,40960,77824,0.526316,36864,2359296,0,0,0,0,0,172832,962304,29664,1164800,1135136,1135136,0,0.000000,0,0,0,0,0,0,0,0,0,0.000000,0.999577,0,0,0.011719,0.385440,1,1,1,8,15,16,0,0,9884288,26.320481,1.428715,2274,3431
V9,4,l2cap-V9-s4,26ef6f0,cache,l2_capacity,loas,16,vgg16_T4_n5,layer_09_features_30,4,16384,8,256,32,8388608,16,131072,8192,64,16,4,1,khkw_split,-1,16,20,32,12,1,none,0,0,1,2,0,24,1,1,1,1,non_inclusive,lru,375536,302864,72672,4768000,4845824,0.983940,40960,77824,0.526316,36864,2359296,0,0,0,0,0,172832,962304,29664,1164800,1135136,1135136,0,0.000000,0,0,0,0,0,0,0,0,0,0.000000,0.999577,0,0,0.011719,0.385440,1,1,1,8,15,16,0,0,9884288,26.320481,1.424629,2274,3431
V9,4,l2cap-V9-s4,26ef6f0,cache,l2_capacity,loas,16,vgg16_T4_n5,layer_09_features_30,4,16384,8,256,32,16777216,16,262144,16384,64,16,4,1,khkw_split,-1,16,20,32,12,1,none,0,0,1,2,0,24,1,1,1,1,non_inclusive,lru,375536,302864,72672,4768000,4845824,0.983940,40960,77824,0.526316,36864,2359296,0,0,0,0,0,172832,962304,29664,1164800,1135136,1135136,0,0.000000,0,0,0,0,0,0,0,0,0,0.000000,0.999577,0,0,0.011719,0.385440,1,1,1,8,15,16,0,0,9884288,26.320481,1.433012,2274,3431
