tag,layer,line_size_bytes,l2_banks,prefetch_distance,samples,wcache_cycles,wcache_cycles_spread,stage3_total_cycles,stage3_compute_per_node,speedup_vs_stage3_total,cycles_over_compute_floor,l1_hit_rate,l2_hit_rate,l1_accesses,l2_accesses,dram_accesses,dram_bytes,stall_total,hidden_fraction,pf_coverage,padding_fraction
R16,layer_16_layer3_0_conv2,16,1,0,5,374619.2,0.015,151485.4,124945.6,0.4044,2.9983,0.923056,0.010326,1999129.6,153804.8,152217.6,2435481.6,3995801.6,0.0,0.0,0.121
R16,layer_16_layer3_0_conv2,16,1,1,5,453912.8,0.0216,151485.4,124945.6,0.3337,3.6329,0.926416,0.022222,1999129.6,576.0,152217.6,2435481.6,5264499.2,0.1287,0.0767,0.121
R16,layer_16_layer3_0_conv2,16,1,2,5,398890.4,0.0236,151485.4,124945.6,0.3798,3.1925,0.931088,0.022222,1999129.6,576.0,152217.6,2435481.6,4384140.8,0.2956,0.0767,0.121
R16,layer_16_layer3_0_conv2,16,1,4,5,359310.4,0.0172,151485.4,124945.6,0.4216,2.8757,0.932469,0.022222,1999129.6,576.0,152217.6,2435481.6,3750860.8,0.4964,0.0767,0.121
R16,layer_16_layer3_0_conv2,16,2,0,5,374619.2,0.015,151485.4,124945.6,0.4044,2.9983,0.923056,0.010326,1999129.6,153804.8,152217.6,2435481.6,3995801.6,0.0,0.0,0.121
R16,layer_16_layer3_0_conv2,16,2,1,5,453911.2,0.0217,151485.4,124945.6,0.3337,3.6329,0.926405,0.022222,1999129.6,576.0,152217.6,2435481.6,5264473.6,0.1287,0.0767,0.121
R16,layer_16_layer3_0_conv2,16,2,2,5,398861.6,0.0237,151485.4,124945.6,0.3798,3.1923,0.931051,0.022222,1999129.6,576.0,152217.6,2435481.6,4383680.0,0.2956,0.0767,0.121
R16,layer_16_layer3_0_conv2,16,2,4,5,359320.8,0.0172,151485.4,124945.6,0.4216,2.8758,0.932373,0.022222,1999129.6,576.0,152217.6,2435481.6,3751027.2,0.4964,0.0767,0.121
R16,layer_16_layer3_0_conv2,16,4,0,5,374619.2,0.015,151485.4,124945.6,0.4044,2.9983,0.923056,0.010326,1999129.6,153804.8,152217.6,2435481.6,3995801.6,0.0,0.0,0.121
R16,layer_16_layer3_0_conv2,16,4,1,5,453911.2,0.0217,151485.4,124945.6,0.3337,3.6329,0.926405,0.022222,1999129.6,576.0,152217.6,2435481.6,5264473.6,0.1287,0.0767,0.121
R16,layer_16_layer3_0_conv2,16,4,2,5,398873.6,0.0236,151485.4,124945.6,0.3798,3.1924,0.931017,0.022222,1999129.6,576.0,152217.6,2435481.6,4383872.0,0.2956,0.0767,0.121
R16,layer_16_layer3_0_conv2,16,4,4,5,359319.2,0.0173,151485.4,124945.6,0.4216,2.8758,0.932374,0.022222,1999129.6,576.0,152217.6,2435481.6,3751001.6,0.4964,0.0767,0.121
R16,layer_16_layer3_0_conv2,16,8,0,5,374619.2,0.015,151485.4,124945.6,0.4044,2.9983,0.923056,0.010326,1999129.6,153804.8,152217.6,2435481.6,3995801.6,0.0,0.0,0.121
R16,layer_16_layer3_0_conv2,16,8,1,5,453911.2,0.0217,151485.4,124945.6,0.3337,3.6329,0.926405,0.022222,1999129.6,576.0,152217.6,2435481.6,5264473.6,0.1287,0.0767,0.121
R16,layer_16_layer3_0_conv2,16,8,2,5,398873.6,0.0236,151485.4,124945.6,0.3798,3.1924,0.931017,0.022222,1999129.6,576.0,152217.6,2435481.6,4383872.0,0.2956,0.0767,0.121
R16,layer_16_layer3_0_conv2,16,8,4,5,359319.2,0.0173,151485.4,124945.6,0.4216,2.8758,0.932374,0.022222,1999129.6,576.0,152217.6,2435481.6,3751001.6,0.4964,0.0767,0.121
R16,layer_16_layer3_0_conv2,32,1,0,5,252008.8,0.0137,151485.4,124945.6,0.6011,2.0169,0.961079,0.000329,1999129.6,77798.4,77772.8,2488729.6,2034035.2,0.0,0.0,0.1212
R16,layer_16_layer3_0_conv2,32,1,1,5,366457.6,0.0212,151485.4,124945.6,0.4134,2.9329,0.961274,0.0,1999129.6,576.0,77772.8,2488729.6,3865216.0,0.0442,0.0386,0.1212
R16,layer_16_layer3_0_conv2,32,1,2,5,352958.4,0.0266,151485.4,124945.6,0.4292,2.8249,0.962031,0.0,1999129.6,576.0,77772.8,2488729.6,3649228.8,0.1006,0.0386,0.1212
R16,layer_16_layer3_0_conv2,32,1,4,5,317080.8,0.0309,151485.4,124945.6,0.4778,2.5378,0.964177,0.0,1999129.6,576.0,77772.8,2488729.6,3075187.2,0.2512,0.0386,0.1212
R16,layer_16_layer3_0_conv2,32,2,0,5,252008.8,0.0137,151485.4,124945.6,0.6011,2.0169,0.961079,0.000329,1999129.6,77798.4,77772.8,2488729.6,2034035.2,0.0,0.0,0.1212
R16,layer_16_layer3_0_conv2,32,2,1,5,366457.6,0.0212,151485.4,124945.6,0.4134,2.9329,0.961274,0.0,1999129.6,576.0,77772.8,2488729.6,3865216.0,0.0442,0.0386,0.1212
R16,layer_16_layer3_0_conv2,32,2,2,5,352958.4,0.0266,151485.4,124945.6,0.4292,2.8249,0.962031,0.0,1999129.6,576.0,77772.8,2488729.6,3649228.8,0.1006,0.0386,0.1212
R16,layer_16_layer3_0_conv2,32,2,4,5,317111.2,0.0311,151485.4,124945.6,0.4777,2.538,0.964199,0.0,1999129.6,576.0,77772.8,2488729.6,3075673.6,0.2512,0.0386,0.1212
R16,layer_16_layer3_0_conv2,32,4,0,5,252008.8,0.0137,151485.4,124945.6,0.6011,2.0169,0.961079,0.000329,1999129.6,77798.4,77772.8,2488729.6,2034035.2,0.0,0.0,0.1212
R16,layer_16_layer3_0_conv2,32,4,1,5,366457.6,0.0212,151485.4,124945.6,0.4134,2.9329,0.961274,0.0,1999129.6,576.0,77772.8,2488729.6,3865216.0,0.0442,0.0386,0.1212
R16,layer_16_layer3_0_conv2,32,4,2,5,352958.4,0.0266,151485.4,124945.6,0.4292,2.8249,0.962031,0.0,1999129.6,576.0,77772.8,2488729.6,3649228.8,0.1006,0.0386,0.1212
R16,layer_16_layer3_0_conv2,32,4,4,5,317110.4,0.0314,151485.4,124945.6,0.4777,2.538,0.964187,0.0,1999129.6,576.0,77772.8,2488729.6,3075660.8,0.2512,0.0386,0.1212
R16,layer_16_layer3_0_conv2,32,8,0,5,252008.8,0.0137,151485.4,124945.6,0.6011,2.0169,0.961079,0.000329,1999129.6,77798.4,77772.8,2488729.6,2034035.2,0.0,0.0,0.1212
R16,layer_16_layer3_0_conv2,32,8,1,5,366457.6,0.0212,151485.4,124945.6,0.4134,2.9329,0.961274,0.0,1999129.6,576.0,77772.8,2488729.6,3865216.0,0.0442,0.0386,0.1212
R16,layer_16_layer3_0_conv2,32,8,2,5,352958.4,0.0266,151485.4,124945.6,0.4292,2.8249,0.962031,0.0,1999129.6,576.0,77772.8,2488729.6,3649228.8,0.1006,0.0386,0.1212
R16,layer_16_layer3_0_conv2,32,8,4,5,317110.4,0.0314,151485.4,124945.6,0.4777,2.538,0.964187,0.0,1999129.6,576.0,77772.8,2488729.6,3075660.8,0.2512,0.0386,0.1212
R16,layer_16_layer3_0_conv2,64,1,0,5,188837.6,0.0183,151485.4,124945.6,0.8022,1.5114,0.980533,0.0,1999129.6,38912.0,38912.0,2490368.0,1023296.0,0.0,0.0,0.1212
R16,layer_16_layer3_0_conv2,64,1,1,5,308891.2,0.0224,151485.4,124945.6,0.4904,2.4722,0.980533,0.0,1999129.6,576.0,38912.0,2490368.0,2944153.6,0.0254,0.0192,0.1212
R16,layer_16_layer3_0_conv2,64,1,2,5,304063.2,0.0228,151485.4,124945.6,0.4982,2.4336,0.980533,0.0,1999129.6,576.0,38912.0,2490368.0,2866905.6,0.0509,0.0192,0.1212
R16,layer_16_layer3_0_conv2,64,1,4,5,294194.4,0.0242,151485.4,124945.6,0.5149,2.3546,0.980539,0.0,1999129.6,576.0,38912.0,2490368.0,2709004.8,0.1035,0.0192,0.1212
R16,layer_16_layer3_0_conv2,64,2,0,5,188837.6,0.0183,151485.4,124945.6,0.8022,1.5114,0.980533,0.0,1999129.6,38912.0,38912.0,2490368.0,1023296.0,0.0,0.0,0.1212
R16,layer_16_layer3_0_conv2,64,2,1,5,308891.2,0.0224,151485.4,124945.6,0.4904,2.4722,0.980533,0.0,1999129.6,576.0,38912.0,2490368.0,2944153.6,0.0254,0.0192,0.1212
R16,layer_16_layer3_0_conv2,64,2,2,5,304063.2,0.0228,151485.4,124945.6,0.4982,2.4336,0.980533,0.0,1999129.6,576.0,38912.0,2490368.0,2866905.6,0.0509,0.0192,0.1212
R16,layer_16_layer3_0_conv2,64,2,4,5,294194.4,0.0242,151485.4,124945.6,0.5149,2.3546,0.980539,0.0,1999129.6,576.0,38912.0,2490368.0,2709004.8,0.1035,0.0192,0.1212
R16,layer_16_layer3_0_conv2,64,4,0,5,188837.6,0.0183,151485.4,124945.6,0.8022,1.5114,0.980533,0.0,1999129.6,38912.0,38912.0,2490368.0,1023296.0,0.0,0.0,0.1212
R16,layer_16_layer3_0_conv2,64,4,1,5,308891.2,0.0224,151485.4,124945.6,0.4904,2.4722,0.980533,0.0,1999129.6,576.0,38912.0,2490368.0,2944153.6,0.0254,0.0192,0.1212
R16,layer_16_layer3_0_conv2,64,4,2,5,304063.2,0.0228,151485.4,124945.6,0.4982,2.4336,0.980533,0.0,1999129.6,576.0,38912.0,2490368.0,2866905.6,0.0509,0.0192,0.1212
R16,layer_16_layer3_0_conv2,64,4,4,5,294194.4,0.0242,151485.4,124945.6,0.5149,2.3546,0.980539,0.0,1999129.6,576.0,38912.0,2490368.0,2709004.8,0.1035,0.0192,0.1212
R16,layer_16_layer3_0_conv2,64,8,0,5,188837.6,0.0183,151485.4,124945.6,0.8022,1.5114,0.980533,0.0,1999129.6,38912.0,38912.0,2490368.0,1023296.0,0.0,0.0,0.1212
R16,layer_16_layer3_0_conv2,64,8,1,5,308891.2,0.0224,151485.4,124945.6,0.4904,2.4722,0.980533,0.0,1999129.6,576.0,38912.0,2490368.0,2944153.6,0.0254,0.0192,0.1212
R16,layer_16_layer3_0_conv2,64,8,2,5,304063.2,0.0228,151485.4,124945.6,0.4982,2.4336,0.980533,0.0,1999129.6,576.0,38912.0,2490368.0,2866905.6,0.0509,0.0192,0.1212
R16,layer_16_layer3_0_conv2,64,8,4,5,294194.4,0.0242,151485.4,124945.6,0.5149,2.3546,0.980539,0.0,1999129.6,576.0,38912.0,2490368.0,2709004.8,0.1035,0.0192,0.1212
R9,layer_09_layer2_0_conv2,16,1,0,5,107652.4,0.1812,77142.4,77142.4,0.7166,1.3955,0.984894,0.0,1234278.4,18432.0,18432.0,294912.0,490208.0,0.0,0.0,0.0386
R9,layer_09_layer2_0_conv2,16,1,1,5,175759.2,0.2205,77142.4,77142.4,0.4389,2.2784,0.986859,0.0,1234278.4,128.0,18432.0,294912.0,1579916.8,0.1007,0.015,0.0386
R9,layer_09_layer2_0_conv2,16,1,2,5,173096.0,0.2209,77142.4,77142.4,0.4457,2.2439,0.986134,0.0,1234278.4,128.0,18432.0,294912.0,1537305.6,0.1699,0.015,0.0386
R9,layer_09_layer2_0_conv2,16,1,4,5,170873.2,0.2217,77142.4,77142.4,0.4515,2.215,0.98615,0.0,1234278.4,128.0,18432.0,294912.0,1501740.8,0.2905,0.015,0.0386
R9,layer_09_layer2_0_conv2,16,2,0,5,107652.4,0.1812,77142.4,77142.4,0.7166,1.3955,0.984894,0.0,1234278.4,18432.0,18432.0,294912.0,490208.0,0.0,0.0,0.0386
R9,layer_09_layer2_0_conv2,16,2,1,5,175758.0,0.2205,77142.4,77142.4,0.4389,2.2784,0.986815,0.0,1234278.4,128.0,18432.0,294912.0,1579897.6,0.1007,0.015,0.0386
R9,layer_09_layer2_0_conv2,16,2,2,5,173089.2,0.2208,77142.4,77142.4,0.4457,2.2438,0.985993,0.0,1234278.4,128.0,18432.0,294912.0,1537196.8,0.1696,0.015,0.0386
R9,layer_09_layer2_0_conv2,16,2,4,5,171563.2,0.2204,77142.4,77142.4,0.4496,2.224,0.985985,0.0,1234278.4,128.0,18432.0,294912.0,1512780.8,0.299,0.015,0.0386
R9,layer_09_layer2_0_conv2,16,4,0,5,107652.4,0.1812,77142.4,77142.4,0.7166,1.3955,0.984894,0.0,1234278.4,18432.0,18432.0,294912.0,490208.0,0.0,0.0,0.0386
R9,layer_09_layer2_0_conv2,16,4,1,5,175757.6,0.2206,77142.4,77142.4,0.4389,2.2784,0.986807,0.0,1234278.4,128.0,18432.0,294912.0,1579891.2,0.1007,0.015,0.0386
R9,layer_09_layer2_0_conv2,16,4,2,5,173090.0,0.2209,77142.4,77142.4,0.4457,2.2438,0.985958,0.0,1234278.4,128.0,18432.0,294912.0,1537209.6,0.1694,0.015,0.0386
R9,layer_09_layer2_0_conv2,16,4,4,5,171834.0,0.219,77142.4,77142.4,0.4489,2.2275,0.985987,0.0,1234278.4,128.0,18432.0,294912.0,1517113.6,0.3019,0.015,0.0386
R9,layer_09_layer2_0_conv2,16,8,0,5,107652.4,0.1812,77142.4,77142.4,0.7166,1.3955,0.984894,0.0,1234278.4,18432.0,18432.0,294912.0,490208.0,0.0,0.0,0.0386
R9,layer_09_layer2_0_conv2,16,8,1,5,175757.6,0.2206,77142.4,77142.4,0.4389,2.2784,0.986807,0.0,1234278.4,128.0,18432.0,294912.0,1579891.2,0.1007,0.015,0.0386
R9,layer_09_layer2_0_conv2,16,8,2,5,173090.0,0.2209,77142.4,77142.4,0.4457,2.2438,0.985958,0.0,1234278.4,128.0,18432.0,294912.0,1537209.6,0.1694,0.015,0.0386
R9,layer_09_layer2_0_conv2,16,8,4,5,171834.0,0.219,77142.4,77142.4,0.4489,2.2275,0.985987,0.0,1234278.4,128.0,18432.0,294912.0,1517113.6,0.3019,0.015,0.0386
R9,layer_09_layer2_0_conv2,32,1,0,5,92394.4,0.2101,77142.4,77142.4,0.8349,1.1977,0.992447,0.0,1234278.4,9216.0,9216.0,294912.0,246080.0,0.0,0.0,0.0386
R9,layer_09_layer2_0_conv2,32,1,1,5,165730.0,0.2381,77142.4,77142.4,0.4655,2.1484,0.9933,0.0,1234278.4,128.0,9216.0,294912.0,1419449.6,0.0459,0.0074,0.0386
R9,layer_09_layer2_0_conv2,32,1,2,5,163449.2,0.2378,77142.4,77142.4,0.472,2.1188,0.99343,0.0,1234278.4,128.0,9216.0,294912.0,1382956.8,0.0836,0.0074,0.0386
R9,layer_09_layer2_0_conv2,32,1,4,5,161909.6,0.2368,77142.4,77142.4,0.4765,2.0988,0.993174,0.0,1234278.4,128.0,9216.0,294912.0,1358323.2,0.1568,0.0074,0.0386
R9,layer_09_layer2_0_conv2,32,2,0,5,92394.4,0.2101,77142.4,77142.4,0.8349,1.1977,0.992447,0.0,1234278.4,9216.0,9216.0,294912.0,246080.0,0.0,0.0,0.0386
R9,layer_09_layer2_0_conv2,32,2,1,5,165730.0,0.2381,77142.4,77142.4,0.4655,2.1484,0.993301,0.0,1234278.4,128.0,9216.0,294912.0,1419449.6,0.0459,0.0074,0.0386
R9,layer_09_layer2_0_conv2,32,2,2,5,163450.4,0.2378,77142.4,77142.4,0.472,2.1188,0.993433,0.0,1234278.4,128.0,9216.0,294912.0,1382976.0,0.0836,0.0074,0.0386
R9,layer_09_layer2_0_conv2,32,2,4,5,161916.0,0.2368,77142.4,77142.4,0.4764,2.0989,0.993172,0.0,1234278.4,128.0,9216.0,294912.0,1358425.6,0.1567,0.0074,0.0386
R9,layer_09_layer2_0_conv2,32,4,0,5,92394.4,0.2101,77142.4,77142.4,0.8349,1.1977,0.992447,0.0,1234278.4,9216.0,9216.0,294912.0,246080.0,0.0,0.0,0.0386
R9,layer_09_layer2_0_conv2,32,4,1,5,165730.4,0.2381,77142.4,77142.4,0.4655,2.1484,0.993294,0.0,1234278.4,128.0,9216.0,294912.0,1419456.0,0.0459,0.0074,0.0386
R9,layer_09_layer2_0_conv2,32,4,2,5,163450.4,0.2378,77142.4,77142.4,0.472,2.1188,0.993435,0.0,1234278.4,128.0,9216.0,294912.0,1382976.0,0.0836,0.0074,0.0386
R9,layer_09_layer2_0_conv2,32,4,4,5,161921.2,0.2368,77142.4,77142.4,0.4764,2.099,0.993187,0.0,1234278.4,128.0,9216.0,294912.0,1358508.8,0.1566,0.0074,0.0386
R9,layer_09_layer2_0_conv2,32,8,0,5,92394.4,0.2101,77142.4,77142.4,0.8349,1.1977,0.992447,0.0,1234278.4,9216.0,9216.0,294912.0,246080.0,0.0,0.0,0.0386
R9,layer_09_layer2_0_conv2,32,8,1,5,165730.4,0.2381,77142.4,77142.4,0.4655,2.1484,0.993294,0.0,1234278.4,128.0,9216.0,294912.0,1419456.0,0.0459,0.0074,0.0386
R9,layer_09_layer2_0_conv2,32,8,2,5,163450.4,0.2378,77142.4,77142.4,0.472,2.1188,0.993435,0.0,1234278.4,128.0,9216.0,294912.0,1382976.0,0.0836,0.0074,0.0386
R9,layer_09_layer2_0_conv2,32,8,4,5,161921.2,0.2368,77142.4,77142.4,0.4764,2.099,0.993187,0.0,1234278.4,128.0,9216.0,294912.0,1358508.8,0.1566,0.0074,0.0386
R9,layer_09_layer2_0_conv2,64,1,0,5,84762.4,0.2297,77142.4,77142.4,0.9101,1.0988,0.996223,0.0,1234278.4,4608.0,4608.0,294912.0,123968.0,0.0,0.0,0.0386
R9,layer_09_layer2_0_conv2,64,1,1,5,160873.2,0.2451,77142.4,77142.4,0.4795,2.0854,0.996345,0.0,1234278.4,128.0,4608.0,294912.0,1341740.8,0.0132,0.0037,0.0386
R9,layer_09_layer2_0_conv2,64,1,2,5,159632.0,0.2445,77142.4,77142.4,0.4833,2.0693,0.996554,0.0,1234278.4,128.0,4608.0,294912.0,1321881.6,0.0292,0.0037,0.0386
R9,layer_09_layer2_0_conv2,64,1,4,5,157792.4,0.2467,77142.4,77142.4,0.4889,2.0455,0.996547,0.0,1234278.4,128.0,4608.0,294912.0,1292448.0,0.0621,0.0037,0.0386
R9,layer_09_layer2_0_conv2,64,2,0,5,84762.4,0.2297,77142.4,77142.4,0.9101,1.0988,0.996223,0.0,1234278.4,4608.0,4608.0,294912.0,123968.0,0.0,0.0,0.0386
R9,layer_09_layer2_0_conv2,64,2,1,5,160873.2,0.2451,77142.4,77142.4,0.4795,2.0854,0.996345,0.0,1234278.4,128.0,4608.0,294912.0,1341740.8,0.0132,0.0037,0.0386
R9,layer_09_layer2_0_conv2,64,2,2,5,159632.0,0.2445,77142.4,77142.4,0.4833,2.0693,0.996554,0.0,1234278.4,128.0,4608.0,294912.0,1321881.6,0.0292,0.0037,0.0386
R9,layer_09_layer2_0_conv2,64,2,4,5,157792.4,0.2467,77142.4,77142.4,0.4889,2.0455,0.996547,0.0,1234278.4,128.0,4608.0,294912.0,1292448.0,0.0621,0.0037,0.0386
R9,layer_09_layer2_0_conv2,64,4,0,5,84762.4,0.2297,77142.4,77142.4,0.9101,1.0988,0.996223,0.0,1234278.4,4608.0,4608.0,294912.0,123968.0,0.0,0.0,0.0386
R9,layer_09_layer2_0_conv2,64,4,1,5,160873.2,0.2451,77142.4,77142.4,0.4795,2.0854,0.996345,0.0,1234278.4,128.0,4608.0,294912.0,1341740.8,0.0132,0.0037,0.0386
R9,layer_09_layer2_0_conv2,64,4,2,5,159632.0,0.2445,77142.4,77142.4,0.4833,2.0693,0.996554,0.0,1234278.4,128.0,4608.0,294912.0,1321881.6,0.0292,0.0037,0.0386
R9,layer_09_layer2_0_conv2,64,4,4,5,157792.4,0.2467,77142.4,77142.4,0.4889,2.0455,0.996547,0.0,1234278.4,128.0,4608.0,294912.0,1292448.0,0.0621,0.0037,0.0386
R9,layer_09_layer2_0_conv2,64,8,0,5,84762.4,0.2297,77142.4,77142.4,0.9101,1.0988,0.996223,0.0,1234278.4,4608.0,4608.0,294912.0,123968.0,0.0,0.0,0.0386
R9,layer_09_layer2_0_conv2,64,8,1,5,160873.2,0.2451,77142.4,77142.4,0.4795,2.0854,0.996345,0.0,1234278.4,128.0,4608.0,294912.0,1341740.8,0.0132,0.0037,0.0386
R9,layer_09_layer2_0_conv2,64,8,2,5,159632.0,0.2445,77142.4,77142.4,0.4833,2.0693,0.996554,0.0,1234278.4,128.0,4608.0,294912.0,1321881.6,0.0292,0.0037,0.0386
R9,layer_09_layer2_0_conv2,64,8,4,5,157792.4,0.2467,77142.4,77142.4,0.4889,2.0455,0.996547,0.0,1234278.4,128.0,4608.0,294912.0,1292448.0,0.0621,0.0037,0.0386
V8,layer_08_features_27,16,1,0,5,607947.2,0.0529,302253,155070.4,0.4972,3.9205,0.883315,0.057153,2481126.4,289049.6,272537.6,4360601.6,7248076.8,0.0,0.0,0.1492
V8,layer_08_features_27,16,1,1,5,628022.4,0.0783,302253,155070.4,0.4813,4.0499,0.892585,0.022222,2481126.4,1152.0,272537.6,4360601.6,7569280.0,0.2503,0.1162,0.1492
V8,layer_08_features_27,16,1,2,5,563347.2,0.0807,302253,155070.4,0.5365,3.6328,0.898605,0.022222,2481126.4,1152.0,272537.6,4360601.6,6534476.8,0.4279,0.1162,0.1492
V8,layer_08_features_27,16,1,4,5,541184.0,0.0695,302253,155070.4,0.5585,3.4899,0.901007,0.022222,2481126.4,1152.0,272537.6,4360601.6,6179865.6,0.6104,0.1162,0.1492
V8,layer_08_features_27,16,2,0,5,607944.0,0.0529,302253,155070.4,0.4972,3.9204,0.883315,0.057153,2481126.4,289049.6,272537.6,4360601.6,7248025.6,0.0,0.0,0.1492
V8,layer_08_features_27,16,2,1,5,627998.4,0.0783,302253,155070.4,0.4813,4.0498,0.892567,0.022222,2481126.4,1152.0,272537.6,4360601.6,7568896.0,0.2503,0.1162,0.1492
V8,layer_08_features_27,16,2,2,5,563358.4,0.0809,302253,155070.4,0.5365,3.6329,0.898558,0.022222,2481126.4,1152.0,272537.6,4360601.6,6534656.0,0.4279,0.1162,0.1492
V8,layer_08_features_27,16,2,4,5,541185.6,0.0694,302253,155070.4,0.5585,3.4899,0.900887,0.022222,2481126.4,1152.0,272537.6,4360601.6,6179891.2,0.6104,0.1162,0.1492
V8,layer_08_features_27,16,4,0,5,607944.0,0.0529,302253,155070.4,0.4972,3.9204,0.883315,0.057153,2481126.4,289049.6,272537.6,4360601.6,7248025.6,0.0,0.0,0.1492
V8,layer_08_features_27,16,4,1,5,627952.0,0.0785,302253,155070.4,0.4813,4.0495,0.892559,0.022222,2481126.4,1152.0,272537.6,4360601.6,7568153.6,0.2503,0.1162,0.1492
V8,layer_08_features_27,16,4,2,5,563372.8,0.0809,302253,155070.4,0.5365,3.633,0.898581,0.022222,2481126.4,1152.0,272537.6,4360601.6,6534886.4,0.4279,0.1162,0.1492
V8,layer_08_features_27,16,4,4,5,541284.8,0.0696,302253,155070.4,0.5584,3.4906,0.900873,0.022222,2481126.4,1152.0,272537.6,4360601.6,6181478.4,0.6103,0.1162,0.1492
V8,layer_08_features_27,16,8,0,5,607944.0,0.0529,302253,155070.4,0.4972,3.9204,0.883315,0.057153,2481126.4,289049.6,272537.6,4360601.6,7248025.6,0.0,0.0,0.1492
V8,layer_08_features_27,16,8,1,5,627952.0,0.0785,302253,155070.4,0.4813,4.0495,0.892559,0.022222,2481126.4,1152.0,272537.6,4360601.6,7568153.6,0.2503,0.1162,0.1492
V8,layer_08_features_27,16,8,2,5,563372.8,0.0809,302253,155070.4,0.5365,3.633,0.898581,0.022222,2481126.4,1152.0,272537.6,4360601.6,6534886.4,0.4279,0.1162,0.1492
V8,layer_08_features_27,16,8,4,5,541284.8,0.0696,302253,155070.4,0.5584,3.4906,0.900873,0.022222,2481126.4,1152.0,272537.6,4360601.6,6181478.4,0.6103,0.1162,0.1492
V8,layer_08_features_27,32,1,0,5,406182.4,0.0408,302253,155070.4,0.7441,2.6193,0.937725,0.009307,2481126.4,154214.4,152780.8,4888985.6,4019840.0,0.0,0.0,0.1498
V8,layer_08_features_27,32,1,1,5,523256.0,0.0818,302253,155070.4,0.5776,3.3743,0.940375,0.0,2481126.4,1152.0,152780.8,4888985.6,5893017.6,0.1007,0.0618,0.1498
V8,layer_08_features_27,32,1,2,5,473556.8,0.0895,302253,155070.4,0.6383,3.0538,0.944334,0.0,2481126.4,1152.0,152780.8,4888985.6,5097830.4,0.2354,0.0618,0.1498
V8,layer_08_features_27,32,1,4,5,420012.8,0.0709,302253,155070.4,0.7196,2.7085,0.945453,0.0,2481126.4,1152.0,152780.8,4888985.6,4241126.4,0.4205,0.0618,0.1498
V8,layer_08_features_27,32,2,0,5,406182.4,0.0408,302253,155070.4,0.7441,2.6193,0.937725,0.009307,2481126.4,154214.4,152780.8,4888985.6,4019840.0,0.0,0.0,0.1498
V8,layer_08_features_27,32,2,1,5,523286.4,0.0821,302253,155070.4,0.5776,3.3745,0.940373,0.0,2481126.4,1152.0,152780.8,4888985.6,5893504.0,0.1007,0.0618,0.1498
V8,layer_08_features_27,32,2,2,5,473585.6,0.0895,302253,155070.4,0.6382,3.054,0.944347,0.0,2481126.4,1152.0,152780.8,4888985.6,5098291.2,0.2354,0.0618,0.1498
V8,layer_08_features_27,32,2,4,5,420073.6,0.0707,302253,155070.4,0.7195,2.7089,0.945401,0.0,2481126.4,1152.0,152780.8,4888985.6,4242099.2,0.4205,0.0618,0.1498
V8,layer_08_features_27,32,4,0,5,406182.4,0.0408,302253,155070.4,0.7441,2.6193,0.937725,0.009307,2481126.4,154214.4,152780.8,4888985.6,4019840.0,0.0,0.0,0.1498
V8,layer_08_features_27,32,4,1,5,523286.4,0.0821,302253,155070.4,0.5776,3.3745,0.940373,0.0,2481126.4,1152.0,152780.8,4888985.6,5893504.0,0.1007,0.0618,0.1498
V8,layer_08_features_27,32,4,2,5,473545.6,0.0895,302253,155070.4,0.6383,3.0537,0.944357,0.0,2481126.4,1152.0,152780.8,4888985.6,5097651.2,0.2354,0.0618,0.1498
V8,layer_08_features_27,32,4,4,5,420056.0,0.0707,302253,155070.4,0.7196,2.7088,0.945416,0.0,2481126.4,1152.0,152780.8,4888985.6,4241817.6,0.4205,0.0618,0.1498
V8,layer_08_features_27,32,8,0,5,406182.4,0.0408,302253,155070.4,0.7441,2.6193,0.937725,0.009307,2481126.4,154214.4,152780.8,4888985.6,4019840.0,0.0,0.0,0.1498
V8,layer_08_features_27,32,8,1,5,523286.4,0.0821,302253,155070.4,0.5776,3.3745,0.940373,0.0,2481126.4,1152.0,152780.8,4888985.6,5893504.0,0.1007,0.0618,0.1498
V8,layer_08_features_27,32,8,2,5,473545.6,0.0895,302253,155070.4,0.6383,3.0537,0.944357,0.0,2481126.4,1152.0,152780.8,4888985.6,5097651.2,0.2354,0.0618,0.1498
V8,layer_08_features_27,32,8,4,5,420056.0,0.0707,302253,155070.4,0.7196,2.7088,0.945416,0.0,2481126.4,1152.0,152780.8,4888985.6,4241817.6,0.4205,0.0618,0.1498
V8,layer_08_features_27,64,1,0,5,282854.4,0.0577,302253,155070.4,1.0686,1.824,0.968572,0.0,2481126.4,77824.0,77824.0,4980736.0,2046592.0,0.0,0.0,0.1498
V8,layer_08_features_27,64,1,1,5,427936.0,0.0762,302253,155070.4,0.7063,2.7596,0.968581,0.0,2481126.4,1152.0,77824.0,4980736.0,4367897.6,0.0356,0.031,0.1498
V8,layer_08_features_27,64,1,2,5,416470.4,0.081,302253,155070.4,0.7257,2.6857,0.968866,0.0,2481126.4,1152.0,77824.0,4980736.0,4184448.0,0.0792,0.031,0.1498
V8,layer_08_features_27,64,1,4,5,386944.0,0.1055,302253,155070.4,0.7811,2.4953,0.970024,0.0,2481126.4,1152.0,77824.0,4980736.0,3712025.6,0.1894,0.031,0.1498
V8,layer_08_features_27,64,2,0,5,282854.4,0.0577,302253,155070.4,1.0686,1.824,0.968572,0.0,2481126.4,77824.0,77824.0,4980736.0,2046592.0,0.0,0.0,0.1498
V8,layer_08_features_27,64,2,1,5,427936.0,0.0762,302253,155070.4,0.7063,2.7596,0.968581,0.0,2481126.4,1152.0,77824.0,4980736.0,4367897.6,0.0356,0.031,0.1498
V8,layer_08_features_27,64,2,2,5,416470.4,0.081,302253,155070.4,0.7257,2.6857,0.968866,0.0,2481126.4,1152.0,77824.0,4980736.0,4184448.0,0.0792,0.031,0.1498
V8,layer_08_features_27,64,2,4,5,386956.8,0.1055,302253,155070.4,0.7811,2.4954,0.970023,0.0,2481126.4,1152.0,77824.0,4980736.0,3712230.4,0.1894,0.031,0.1498
V8,layer_08_features_27,64,4,0,5,282854.4,0.0577,302253,155070.4,1.0686,1.824,0.968572,0.0,2481126.4,77824.0,77824.0,4980736.0,2046592.0,0.0,0.0,0.1498
V8,layer_08_features_27,64,4,1,5,427936.0,0.0762,302253,155070.4,0.7063,2.7596,0.968581,0.0,2481126.4,1152.0,77824.0,4980736.0,4367897.6,0.0356,0.031,0.1498
V8,layer_08_features_27,64,4,2,5,416470.4,0.081,302253,155070.4,0.7257,2.6857,0.968866,0.0,2481126.4,1152.0,77824.0,4980736.0,4184448.0,0.0792,0.031,0.1498
V8,layer_08_features_27,64,4,4,5,386953.6,0.1055,302253,155070.4,0.7811,2.4953,0.970025,0.0,2481126.4,1152.0,77824.0,4980736.0,3712179.2,0.1894,0.031,0.1498
V8,layer_08_features_27,64,8,0,5,282854.4,0.0577,302253,155070.4,1.0686,1.824,0.968572,0.0,2481126.4,77824.0,77824.0,4980736.0,2046592.0,0.0,0.0,0.1498
V8,layer_08_features_27,64,8,1,5,427936.0,0.0762,302253,155070.4,0.7063,2.7596,0.968581,0.0,2481126.4,1152.0,77824.0,4980736.0,4367897.6,0.0356,0.031,0.1498
V8,layer_08_features_27,64,8,2,5,416470.4,0.081,302253,155070.4,0.7257,2.6857,0.968866,0.0,2481126.4,1152.0,77824.0,4980736.0,4184448.0,0.0792,0.031,0.1498
V8,layer_08_features_27,64,8,4,5,386953.6,0.1055,302253,155070.4,0.7811,2.4953,0.970025,0.0,2481126.4,1152.0,77824.0,4980736.0,3712179.2,0.1894,0.031,0.1498
V9,layer_09_features_30,16,1,0,5,816334.4,0.014,310191.2,309625.6,0.38,2.6365,0.93723,0.001235,4954009.6,310912.0,310528.0,4968448.0,8109388.8,0.0,0.0,0.0118
V9,layer_09_features_30,16,1,1,5,1075305.6,0.0276,310191.2,309625.6,0.2885,3.4729,0.938232,0.0,4954009.6,1152.0,310528.0,4968448.0,12252928.0,0.0643,0.0625,0.0118
V9,layer_09_features_30,16,1,2,5,973267.2,0.0404,310191.2,309625.6,0.3187,3.1434,0.941393,0.0,4954009.6,1152.0,310528.0,4968448.0,10620313.6,0.1923,0.0625,0.0118
V9,layer_09_features_30,16,1,4,5,820412.8,0.021,310191.2,309625.6,0.3781,2.6497,0.942863,0.0,4954009.6,1152.0,310528.0,4968448.0,8174643.2,0.4216,0.0625,0.0118
V9,layer_09_features_30,16,2,0,5,816334.4,0.014,310191.2,309625.6,0.38,2.6365,0.93723,0.001235,4954009.6,310912.0,310528.0,4968448.0,8109388.8,0.0,0.0,0.0118
V9,layer_09_features_30,16,2,1,5,1075312.0,0.0276,310191.2,309625.6,0.2885,3.4729,0.938235,0.0,4954009.6,1152.0,310528.0,4968448.0,12253030.4,0.0643,0.0625,0.0118
V9,layer_09_features_30,16,2,2,5,973297.6,0.0406,310191.2,309625.6,0.3187,3.1435,0.941407,0.0,4954009.6,1152.0,310528.0,4968448.0,10620800.0,0.1923,0.0625,0.0118
V9,layer_09_features_30,16,2,4,5,820404.8,0.0212,310191.2,309625.6,0.3781,2.6497,0.94283,0.0,4954009.6,1152.0,310528.0,4968448.0,8174515.2,0.4216,0.0625,0.0118
V9,layer_09_features_30,16,4,0,5,816334.4,0.014,310191.2,309625.6,0.38,2.6365,0.93723,0.001235,4954009.6,310912.0,310528.0,4968448.0,8109388.8,0.0,0.0,0.0118
V9,layer_09_features_30,16,4,1,5,1075292.8,0.0276,310191.2,309625.6,0.2885,3.4729,0.938236,0.0,4954009.6,1152.0,310528.0,4968448.0,12252723.2,0.0643,0.0625,0.0118
V9,layer_09_features_30,16,4,2,5,973321.6,0.0406,310191.2,309625.6,0.3187,3.1435,0.941424,0.0,4954009.6,1152.0,310528.0,4968448.0,10621184.0,0.1923,0.0625,0.0118
V9,layer_09_features_30,16,4,4,5,820470.4,0.0211,310191.2,309625.6,0.3781,2.6499,0.942873,0.0,4954009.6,1152.0,310528.0,4968448.0,8175564.8,0.4216,0.0625,0.0118
V9,layer_09_features_30,16,8,0,5,816334.4,0.014,310191.2,309625.6,0.38,2.6365,0.93723,0.001235,4954009.6,310912.0,310528.0,4968448.0,8109388.8,0.0,0.0,0.0118
V9,layer_09_features_30,16,8,1,5,1075292.8,0.0276,310191.2,309625.6,0.2885,3.4729,0.938236,0.0,4954009.6,1152.0,310528.0,4968448.0,12252723.2,0.0643,0.0625,0.0118
V9,layer_09_features_30,16,8,2,5,973321.6,0.0406,310191.2,309625.6,0.3187,3.1435,0.941424,0.0,4954009.6,1152.0,310528.0,4968448.0,10621184.0,0.1923,0.0625,0.0118
V9,layer_09_features_30,16,8,4,5,820470.4,0.0211,310191.2,309625.6,0.3781,2.6499,0.942873,0.0,4954009.6,1152.0,310528.0,4968448.0,8175564.8,0.4216,0.0625,0.0118
V9,layer_09_features_30,32,1,0,5,563873.6,0.0194,310191.2,309625.6,0.5501,1.8211,0.968576,0.0,4954009.6,155648.0,155648.0,4980736.0,4070016.0,0.0,0.0,0.0118
V9,layer_09_features_30,32,1,1,5,853987.2,0.0256,310191.2,309625.6,0.3632,2.7581,0.968576,0.0,4954009.6,1152.0,155648.0,4980736.0,8711833.6,0.0343,0.0312,0.0118
V9,layer_09_features_30,32,1,2,5,834222.4,0.0282,310191.2,309625.6,0.3718,2.6943,0.968604,0.0,4954009.6,1152.0,155648.0,4980736.0,8395596.8,0.0696,0.0312,0.0118
V9,layer_09_features_30,32,1,4,5,784595.2,0.0356,310191.2,309625.6,0.3954,2.534,0.969196,0.0,4954009.6,1152.0,155648.0,4980736.0,7601561.6,0.1611,0.0312,0.0118
V9,layer_09_features_30,32,2,0,5,563873.6,0.0194,310191.2,309625.6,0.5501,1.8211,0.968576,0.0,4954009.6,155648.0,155648.0,4980736.0,4070016.0,0.0,0.0,0.0118
V9,layer_09_features_30,32,2,1,5,853987.2,0.0256,310191.2,309625.6,0.3632,2.7581,0.968576,0.0,4954009.6,1152.0,155648.0,4980736.0,8711833.6,0.0343,0.0312,0.0118
V9,layer_09_features_30,32,2,2,5,834222.4,0.0282,310191.2,309625.6,0.3718,2.6943,0.968604,0.0,4954009.6,1152.0,155648.0,4980736.0,8395596.8,0.0696,0.0312,0.0118
V9,layer_09_features_30,32,2,4,5,784592.0,0.0356,310191.2,309625.6,0.3954,2.534,0.969195,0.0,4954009.6,1152.0,155648.0,4980736.0,7601510.4,0.1611,0.0312,0.0118
V9,layer_09_features_30,32,4,0,5,563873.6,0.0194,310191.2,309625.6,0.5501,1.8211,0.968576,0.0,4954009.6,155648.0,155648.0,4980736.0,4070016.0,0.0,0.0,0.0118
V9,layer_09_features_30,32,4,1,5,853987.2,0.0256,310191.2,309625.6,0.3632,2.7581,0.968576,0.0,4954009.6,1152.0,155648.0,4980736.0,8711833.6,0.0343,0.0312,0.0118
V9,layer_09_features_30,32,4,2,5,834222.4,0.0282,310191.2,309625.6,0.3718,2.6943,0.968604,0.0,4954009.6,1152.0,155648.0,4980736.0,8395596.8,0.0696,0.0312,0.0118
V9,layer_09_features_30,32,4,4,5,784606.4,0.0355,310191.2,309625.6,0.3953,2.534,0.969198,0.0,4954009.6,1152.0,155648.0,4980736.0,7601740.8,0.1611,0.0312,0.0118
V9,layer_09_features_30,32,8,0,5,563873.6,0.0194,310191.2,309625.6,0.5501,1.8211,0.968576,0.0,4954009.6,155648.0,155648.0,4980736.0,4070016.0,0.0,0.0,0.0118
V9,layer_09_features_30,32,8,1,5,853987.2,0.0256,310191.2,309625.6,0.3632,2.7581,0.968576,0.0,4954009.6,1152.0,155648.0,4980736.0,8711833.6,0.0343,0.0312,0.0118
V9,layer_09_features_30,32,8,2,5,834222.4,0.0282,310191.2,309625.6,0.3718,2.6943,0.968604,0.0,4954009.6,1152.0,155648.0,4980736.0,8395596.8,0.0696,0.0312,0.0118
V9,layer_09_features_30,32,8,4,5,784606.4,0.0355,310191.2,309625.6,0.3953,2.534,0.969198,0.0,4954009.6,1152.0,155648.0,4980736.0,7601740.8,0.1611,0.0312,0.0118
V9,layer_09_features_30,64,1,0,5,437409.6,0.0249,310191.2,309625.6,0.7092,1.4127,0.984288,0.0,4954009.6,77824.0,77824.0,4980736.0,2046592.0,0.0,0.0,0.0118
V9,layer_09_features_30,64,1,1,5,737251.2,0.0296,310191.2,309625.6,0.4207,2.3811,0.984288,0.0,4954009.6,1152.0,77824.0,4980736.0,6844057.6,0.022,0.0155,0.0118
V9,layer_09_features_30,64,1,2,5,727595.2,0.03,310191.2,309625.6,0.4263,2.3499,0.984288,0.0,4954009.6,1152.0,77824.0,4980736.0,6689561.6,0.0439,0.0155,0.0118
V9,layer_09_features_30,64,1,4,5,708283.2,0.0308,310191.2,309625.6,0.4379,2.2875,0.984288,0.0,4954009.6,1152.0,77824.0,4980736.0,6380569.6,0.0879,0.0155,0.0118
V9,layer_09_features_30,64,2,0,5,437409.6,0.0249,310191.2,309625.6,0.7092,1.4127,0.984288,0.0,4954009.6,77824.0,77824.0,4980736.0,2046592.0,0.0,0.0,0.0118
V9,layer_09_features_30,64,2,1,5,737251.2,0.0296,310191.2,309625.6,0.4207,2.3811,0.984288,0.0,4954009.6,1152.0,77824.0,4980736.0,6844057.6,0.022,0.0155,0.0118
V9,layer_09_features_30,64,2,2,5,727595.2,0.03,310191.2,309625.6,0.4263,2.3499,0.984288,0.0,4954009.6,1152.0,77824.0,4980736.0,6689561.6,0.0439,0.0155,0.0118
V9,layer_09_features_30,64,2,4,5,708283.2,0.0308,310191.2,309625.6,0.4379,2.2875,0.984288,0.0,4954009.6,1152.0,77824.0,4980736.0,6380569.6,0.0879,0.0155,0.0118
V9,layer_09_features_30,64,4,0,5,437409.6,0.0249,310191.2,309625.6,0.7092,1.4127,0.984288,0.0,4954009.6,77824.0,77824.0,4980736.0,2046592.0,0.0,0.0,0.0118
V9,layer_09_features_30,64,4,1,5,737251.2,0.0296,310191.2,309625.6,0.4207,2.3811,0.984288,0.0,4954009.6,1152.0,77824.0,4980736.0,6844057.6,0.022,0.0155,0.0118
V9,layer_09_features_30,64,4,2,5,727595.2,0.03,310191.2,309625.6,0.4263,2.3499,0.984288,0.0,4954009.6,1152.0,77824.0,4980736.0,6689561.6,0.0439,0.0155,0.0118
V9,layer_09_features_30,64,4,4,5,708283.2,0.0308,310191.2,309625.6,0.4379,2.2875,0.984288,0.0,4954009.6,1152.0,77824.0,4980736.0,6380569.6,0.0879,0.0155,0.0118
V9,layer_09_features_30,64,8,0,5,437409.6,0.0249,310191.2,309625.6,0.7092,1.4127,0.984288,0.0,4954009.6,77824.0,77824.0,4980736.0,2046592.0,0.0,0.0,0.0118
V9,layer_09_features_30,64,8,1,5,737251.2,0.0296,310191.2,309625.6,0.4207,2.3811,0.984288,0.0,4954009.6,1152.0,77824.0,4980736.0,6844057.6,0.022,0.0155,0.0118
V9,layer_09_features_30,64,8,2,5,727595.2,0.03,310191.2,309625.6,0.4263,2.3499,0.984288,0.0,4954009.6,1152.0,77824.0,4980736.0,6689561.6,0.0439,0.0155,0.0118
V9,layer_09_features_30,64,8,4,5,708283.2,0.0308,310191.2,309625.6,0.4379,2.2875,0.984288,0.0,4954009.6,1152.0,77824.0,4980736.0,6380569.6,0.0879,0.0155,0.0118
