_tag,_sample,_config,run_id,git_commit,arm,tier,arch,n_cores,workload,layer,sample_idx,l1_size_bytes,l1_assoc,l1_num_lines,l1_num_sets,l2_size_bytes,l2_assoc,l2_num_lines,l2_num_sets,line_size_bytes,cin_block,cout_block,weight_bytes,layout,cin_lo_blocks,l1_mshrs,l1_tgts_per_mshr,l2_mshrs,l2_tgts_per_mshr,l1_demand_reserve,prefetch_policy,prefetch_distance,l1_latency,l1_ii,l2_latency,l2_to_l1_latency,l2_miss_latency,l2_banks,l2_ii,dram_ii,core_accept_ii,inclusion,policy,total_cycles,tick_base_total,stretch_cycles,l1_hits,l1_accesses,l1_hit_rate,l2_hits,l2_accesses,l2_hit_rate,dram_accesses,dram_bytes,stall_l1_slot,stall_l1_line,stall_l1_port,stall_l2_slot,stall_l2_line,stall_l2_port,stall_channel,stall_barrier,stall_total,core_stall_sum,fetch_latency_sum,hidden_latency,hidden_fraction,pf_issued,pf_timely,pf_late,pf_wasted,pf_dropped_array_hit,pf_dropped_matching,pf_dropped_no_slot,pf_dropped_targets_full,pf_dropped_reserve,pf_coverage,pf_coverage_ceiling,pf_budget_exhausted,pf_pollution_evictions,padding_fraction,port_bound_threshold,l1_mshr_occ_p50,l1_mshr_occ_p95,l1_mshr_occ_max,l2_mshr_occ_p50,l2_mshr_occ_p95,l2_mshr_occ_max,max_wait_depth,hits_downgraded_to_miss,events,events_per_cycle,sim_wall_seconds,distinct_addr_per_core_tile_p50,distinct_addr_per_core_tile_max
R16,0,C2,w5b-R16-s0-C2-split_cin,,cache,baseline,loas,16,resnet19_T4_n5,layer_16_layer3_0_conv2,0,16384,8,1024,128,524288,16,32768,2048,16,1,16,1,split_cin,128,16,20,20,12,1,none,0,0,1,5,0,40,1,1,1,1,non_inclusive,lru,4436652,123108,4313544,64384,1969728,0.032687,430528,1905344,0.225958,1474816,23597056,0,0,0,0,0,2395180,66477084,145464,69017728,68872264,68872264,0,0.000000,0,0,0,0,0,0,0,0,0,0.000000,0.999480,0,0,0.000000,38.692530,1,1,1,13,15,16,0,0,9225024,2.079276,2.376529,1842,2854
R16,0,C3,w5b-R16-s0-C3-block_pack,,cache,baseline,loas,16,resnet19_T4_n5,layer_16_layer3_0_conv2,0,16384,1024,1024,1,524288,16,32768,2048,16,1,16,1,block_pack,-1,16,20,20,12,1,none,0,0,1,5,0,40,1,1,1,1,non_inclusive,lru,4442904,123108,4319796,42624,1969728,0.021640,453728,1927104,0.235446,1473376,23574016,0,0,0,0,0,2565814,66415971,135975,69117760,68981785,68981785,0,0.000000,0,0,0,0,0,0,0,0,0,0.000000,0.999480,0,0,0.000000,39.134419,1,1,1,13,15,16,0,0,9267104,2.085821,12.793516,1842,2854
R16,0,C3,w5b-R16-s0-C3-split_cin,,cache,baseline,loas,16,resnet19_T4_n5,layer_16_layer3_0_conv2,0,16384,1024,1024,1,524288,16,32768,2048,16,1,16,1,split_cin,1,16,20,20,12,1,none,0,0,1,5,0,40,1,1,1,1,non_inclusive,lru,4442904,123108,4319796,42624,1969728,0.021640,453728,1927104,0.235446,1473376,23574016,0,0,0,0,0,2565814,66415971,135975,69117760,68981785,68981785,0,0.000000,0,0,0,0,0,0,0,0,0,0.000000,0.999480,0,0,0.000000,39.134419,1,1,1,13,15,16,0,0,9267104,2.085821,15.373387,1842,2854
R16,0,C4,w5b-R16-s0-C4-split_cin,,cache,baseline,loas,16,resnet19_T4_n5,layer_16_layer3_0_conv2,0,16384,8,256,32,524288,16,8192,512,64,4,16,1,split_cin,32,16,20,20,12,1,none,0,0,1,5,0,40,1,1,1,1,non_inclusive,lru,2305835,123108,2182727,1176528,1969728,0.597305,24640,793200,0.031064,768560,49187840,0,0,0,0,0,303224,34598496,22936,34924656,34901720,34901720,0,0.000000,0,0,0,0,0,0,0,0,0,0.000000,0.999480,0,0,0.110460,16.107808,1,1,1,10,15,16,0,0,6294480,2.729805,1.536879,1842,2854
R16,0,C5,w5b-R16-s0-C5-split_cin,,cache,baseline,loas,16,resnet19_T4_n5,layer_16_layer3_0_conv2,0,16384,8,1024,128,524288,16,32768,2048,16,1,16,1,split_cin,128,16,20,20,12,1,next_burst,4,0,1,5,0,40,1,1,1,1,non_inclusive,lru,3558931,123108,3435823,560607,1969728,0.284611,416,784,0.530612,1474816,23597056,0,0,226077,0,0,54648161,19320,80634,54974192,54893558,277524571,222631013,0.802203,1968704,496223,1408337,0,64144,0,0,0,0,0.966915,0.999480,0,0,0.000000,28.615545,4,5,5,17,18,20,60,0,12621187,3.546342,3.739023,1842,2854
R16,0,C6,w5b-R16-s0-C6-split_cin,,cache,baseline,loas,16,resnet19_T4_n5,layer_16_layer3_0_conv2,0,16384,8,256,32,524288,16,8192,512,64,4,16,1,split_cin,32,16,20,20,12,1,next_burst,4,0,1,5,0,40,1,1,1,1,non_inclusive,lru,1786857,123108,1663749,1277241,1969728,0.648435,64,976,0.065574,768560,49187840,0,0,678982,0,0,25809870,47880,84276,26621008,26536732,68392797,41856065,0.611995,1968704,100713,691511,0,25412,1151068,0,0,0,0.402200,0.999480,0,0,0.110460,14.062591,2,3,5,17,19,20,44,0,9027477,5.052154,2.632617,1842,2854
R16,1,C2,w5b-R16-s1-C2-split_cin,,cache,baseline,loas,16,resnet19_T4_n5,layer_16_layer3_0_conv2,1,16384,8,1024,128,524288,16,32768,2048,16,1,16,1,split_cin,128,16,20,20,12,1,none,0,0,1,5,0,40,1,1,1,1,non_inclusive,lru,4551137,125280,4425857,64976,2004480,0.032415,423920,1939504,0.218571,1515584,24249344,0,0,0,0,0,2359651,68307549,147536,70814736,70667200,70667200,0,0.000000,0,0,0,0,0,0,0,0,0,0.000000,0.999489,0,0,0.000000,38.703384,1,1,1,13,15,16,0,0,9403616,2.066212,2.510813,1875,2873
R16,1,C3,w5b-R16-s1-C3-split_cin,,cache,baseline,loas,16,resnet19_T4_n5,layer_16_layer3_0_conv2,1,16384,1024,1024,1,524288,16,32768,2048,16,1,16,1,split_cin,1,16,20,20,12,1,none,0,0,1,5,0,40,1,1,1,1,non_inclusive,lru,4557222,125280,4431942,45280,2004480,0.022589,444272,1959200,0.226762,1514928,24238848,0,0,0,0,0,2497775,68280541,133780,70912096,70778316,70778316,0,0.000000,0,0,0,0,0,0,0,0,0,0.000000,0.999489,0,0,0.000000,39.096424,1,1,1,13,15,16,0,0,9442352,2.071953,16.426701,1875,2873
R16,1,C4,w5b-R16-s1-C4-split_cin,,cache,baseline,loas,16,resnet19_T4_n5,layer_16_layer3_0_conv2,1,16384,8,256,32,524288,16,8192,512,64,4,16,1,split_cin,32,16,20,20,12,1,none,0,0,1,5,0,40,1,1,1,1,non_inclusive,lru,2309325,125280,2184045,1211632,2004480,0.604462,23424,792848,0.029544,769424,49243136,0,0,0,0,0,286324,34638684,20736,34945744,34925008,34925008,0,0.000000,0,0,0,0,0,0,0,0,0,0.000000,0.999489,0,0,0.131510,15.821520,1,1,1,10,15,16,0,0,6364144,2.755846,1.574750,1875,2873
R16,1,C5,w5b-R16-s1-C5-split_cin,,cache,baseline,loas,16,resnet19_T4_n5,layer_16_layer3_0_conv2,1,16384,8,1024,128,524288,16,32768,2048,16,1,16,1,split_cin,128,16,20,20,12,1,next_burst,4,0,1,5,0,40,1,1,1,1,non_inclusive,lru,3639835,125280,3514555,557557,2004480,0.278155,256,1024,0.250000,1515584,24249344,0,0,222000,0,0,55885849,40320,85735,56233904,56148169,283940388,227792219,0.802254,2003456,492581,1445899,0,64976,0,0,0,0,0.967074,0.999489,0,0,0.000000,28.873783,4,5,5,17,18,20,60,0,12880945,3.538882,3.961578,1875,2873
R16,1,C6,w5b-R16-s1-C6-split_cin,,cache,baseline,loas,16,resnet19_T4_n5,layer_16_layer3_0_conv2,1,16384,8,256,32,524288,16,8192,512,64,4,16,1,split_cin,32,16,20,20,12,1,next_burst,4,0,1,5,0,40,1,1,1,1,non_inclusive,lru,1785371,125280,1660091,1313119,2004480,0.655092,64,976,0.065574,769424,49243136,0,0,708286,0,0,25725171,47880,81143,26562480,26481337,66791348,40310011,0.603521,2003456,101487,690385,0,24626,1186958,0,0,0,0.395051,0.999489,0,0,0.131510,13.796316,2,3,5,17,19,20,42,0,9132469,5.115166,2.801145,1875,2873
R16,2,C2,w5b-R16-s2-C2-split_cin,,cache,baseline,loas,16,resnet19_T4_n5,layer_16_layer3_0_conv2,2,16384,8,1024,128,524288,16,32768,2048,16,1,16,1,split_cin,128,16,20,20,12,1,none,0,0,1,5,0,40,1,1,1,1,non_inclusive,lru,4609290,126572,4482718,65344,2025152,0.032266,423952,1959808,0.216323,1535856,24573696,0,0,0,0,0,2354648,69220542,149322,71724512,71575190,71575190,0,0.000000,0,0,0,0,0,0,0,0,0,0.000000,0.999494,0,0,0.000000,38.709351,1,1,1,13,15,16,0,0,9505840,2.062322,2.508111,1904,2925
R16,2,C3,w5b-R16-s2-C3-split_cin,,cache,baseline,loas,16,resnet19_T4_n5,layer_16_layer3_0_conv2,2,16384,1024,1024,1,524288,16,32768,2048,16,1,16,1,split_cin,1,16,20,20,12,1,none,0,0,1,5,0,40,1,1,1,1,non_inclusive,lru,4614374,126572,4487802,47072,2025152,0.023244,443040,1978080,0.223975,1535040,24560640,0,0,0,0,0,2485025,69185945,134886,71805856,71670970,71670970,0,0.000000,0,0,0,0,0,0,0,0,0,0.000000,0.999494,0,0,0.000000,39.070253,1,1,1,13,15,16,0,0,9541568,2.067793,14.931746,1904,2925
R16,2,C4,w5b-R16-s2-C4-split_cin,,cache,baseline,loas,16,resnet19_T4_n5,layer_16_layer3_0_conv2,2,16384,8,256,32,524288,16,8192,512,64,4,16,1,split_cin,32,16,20,20,12,1,none,0,0,1,5,0,40,1,1,1,1,non_inclusive,lru,2326502,126572,2199930,1226912,2025152,0.605837,23552,798240,0.029505,774688,49580032,0,0,0,0,0,306200,34873560,20144,35199904,35179760,35179760,0,0.000000,0,0,0,0,0,0,0,0,0,0.000000,0.999494,0,0,0.139540,15.766520,1,1,1,10,15,16,0,0,6421536,2.760168,1.353554,1904,2925
R16,2,C5,w5b-R16-s2-C5-split_cin,,cache,baseline,loas,16,resnet19_T4_n5,layer_16_layer3_0_conv2,2,16384,8,1024,128,524288,16,32768,2048,16,1,16,1,split_cin,128,16,20,20,12,1,next_burst,4,0,1,5,0,40,1,1,1,1,non_inclusive,lru,3678250,126572,3551678,552424,2025152,0.272781,112,976,0.114754,1535856,24573696,0,0,219511,0,0,56478048,45360,84953,56827872,56742919,287072177,230329258,0.802339,2024128,487080,1471752,0,65296,0,0,0,0,0.967252,0.999494,0,0,0.000000,29.088740,4,5,5,17,18,20,60,0,13015750,3.538571,3.821061,1904,2925
R16,2,C6,w5b-R16-s2-C6-split_cin,,cache,baseline,loas,16,resnet19_T4_n5,layer_16_layer3_0_conv2,2,16384,8,256,32,524288,16,8192,512,64,4,16,1,split_cin,32,16,20,20,12,1,next_burst,4,0,1,5,0,40,1,1,1,1,non_inclusive,lru,1799288,126572,1672716,1328648,2025152,0.656073,64,976,0.065574,774688,49580032,0,0,724668,0,0,25903723,47880,88209,26764480,26676271,66977996,40301725,0.601716,2024128,101736,695528,0,23640,1203224,0,0,0,0.393681,0.999494,0,0,0.139540,13.757071,2,3,5,17,19,20,42,0,9216598,5.122358,2.794433,1904,2925
R16,3,C2,w5b-R16-s3-C2-split_cin,,cache,baseline,loas,16,resnet19_T4_n5,layer_16_layer3_0_conv2,3,16384,8,1024,128,524288,16,32768,2048,16,1,16,1,split_cin,128,16,20,20,12,1,none,0,0,1,5,0,40,1,1,1,1,non_inclusive,lru,4615344,126012,4489332,61216,2016192,0.030362,416864,1954976,0.213232,1538112,24609792,0,0,0,0,0,2371574,69322934,135828,71830336,71694508,71694508,0,0.000000,0,0,0,0,0,0,0,0,0,0.000000,0.999492,0,0,0.000000,38.785512,1,1,1,13,15,16,0,0,9480512,2.054129,2.486192,1914,2968
R16,3,C3,w5b-R16-s3-C3-split_cin,,cache,baseline,loas,16,resnet19_T4_n5,layer_16_layer3_0_conv2,3,16384,1024,1024,1,524288,16,32768,2048,16,1,16,1,split_cin,1,16,20,20,12,1,none,0,0,1,5,0,40,1,1,1,1,non_inclusive,lru,4617132,126012,4491120,44016,2016192,0.021831,436544,1972176,0.221351,1535632,24570112,0,0,0,0,0,2523106,69213992,121846,71858944,71737098,71737098,0,0.000000,0,0,0,0,0,0,0,0,0,0.000000,0.999492,0,0,0.000000,39.126750,1,1,1,13,15,16,0,0,9512432,2.060247,14.262009,1914,2968
R16,3,C4,w5b-R16-s3-C4-split_cin,,cache,baseline,loas,16,resnet19_T4_n5,layer_16_layer3_0_conv2,3,16384,8,256,32,524288,16,8192,512,64,4,16,1,split_cin,32,16,20,20,12,1,none,0,0,1,5,0,40,1,1,1,1,non_inclusive,lru,2309241,126012,2183229,1222320,2016192,0.606252,25344,793872,0.031925,768528,49185792,0,0,0,0,0,314652,34597596,20440,34932688,34912248,34912248,0,0.000000,0,0,0,0,0,0,0,0,0,0.000000,0.999492,0,0,0.101128,15.749929,1,1,1,10,15,16,0,0,6388720,2.766589,1.629908,1914,2968
R16,3,C5,w5b-R16-s3-C5-split_cin,,cache,baseline,loas,16,resnet19_T4_n5,layer_16_layer3_0_conv2,3,16384,8,1024,128,524288,16,32768,2048,16,1,16,1,split_cin,128,16,20,20,12,1,next_burst,4,0,1,5,0,40,1,1,1,1,non_inclusive,lru,3684353,126012,3558341,542463,2016192,0.269053,304,1024,0.296875,1538112,24609792,0,0,212685,0,0,56589762,37800,94233,56934480,56840247,288116452,231276205,0.802718,2015168,481247,1472705,0,61216,0,0,0,0,0.969130,0.999492,0,0,0.000000,29.237870,4,5,5,17,18,20,60,0,12983659,3.524000,3.561817,1914,2968
R16,3,C6,w5b-R16-s3-C6-split_cin,,cache,baseline,loas,16,resnet19_T4_n5,layer_16_layer3_0_conv2,3,16384,8,256,32,524288,16,8192,512,64,4,16,1,split_cin,32,16,20,20,12,1,next_burst,4,0,1,5,0,40,1,1,1,1,non_inclusive,lru,1785327,126012,1659315,1326552,2016192,0.657949,0,1024,0.000000,768528,49185792,0,0,732255,0,0,25677655,53760,86394,26550064,26463670,67577358,41113688,0.608394,2015168,104232,688616,0,27810,1194510,0,0,0,0.393240,0.999492,0,0,0.101128,13.682030,2,3,5,17,19,20,51,0,9168685,5.135577,2.693461,1914,2968
R16,4,C2,w5b-R16-s4-C2-split_cin,,cache,baseline,loas,16,resnet19_T4_n5,layer_16_layer3_0_conv2,4,16384,8,1024,128,524288,16,32768,2048,16,1,16,1,split_cin,128,16,20,20,12,1,none,0,0,1,5,0,40,1,1,1,1,non_inclusive,lru,4504700,123756,4380944,62880,1980096,0.031756,415984,1917216,0.216973,1501232,24019712,0,0,0,0,0,2297114,67658936,140078,70096128,69956050,69956050,0,0.000000,0,0,0,0,0,0,0,0,0,0.000000,0.999483,0,0,0.000000,38.729759,1,1,1,13,15,16,0,0,9295920,2.063605,2.353333,1882,2891
R16,4,C3,w5b-R16-s4-C3-split_cin,,cache,baseline,loas,16,resnet19_T4_n5,layer_16_layer3_0_conv2,4,16384,1024,1024,1,524288,16,32768,2048,16,1,16,1,split_cin,1,16,20,20,12,1,none,0,0,1,5,0,40,1,1,1,1,non_inclusive,lru,4511479,123756,4387723,42752,1980096,0.021591,437072,1937344,0.225604,1500272,24004352,0,0,0,0,0,2452856,67618779,132957,70204592,70071635,70071635,0,0.000000,0,0,0,0,0,0,0,0,0,0.000000,0.999483,0,0,0.000000,39.136365,1,1,1,13,15,16,0,0,9335216,2.069214,13.631907,1882,2891
R16,4,C4,w5b-R16-s4-C4-split_cin,,cache,baseline,loas,16,resnet19_T4_n5,layer_16_layer3_0_conv2,4,16384,8,256,32,524288,16,8192,512,64,4,16,1,split_cin,32,16,20,20,12,1,none,0,0,1,5,0,40,1,1,1,1,non_inclusive,lru,2267381,123756,2143625,1200624,1980096,0.606346,24320,779472,0.031201,755152,48329728,0,0,0,0,0,277320,33998660,23044,34299024,34275980,34275980,0,0.000000,0,0,0,0,0,0,0,0,0,0.000000,0.999483,0,0,0.122502,15.746146,1,1,1,10,15,16,0,0,6274352,2.767224,1.663827,1882,2891
R16,4,C5,w5b-R16-s4-C5-split_cin,,cache,baseline,loas,16,resnet19_T4_n5,layer_16_layer3_0_conv2,4,16384,8,1024,128,524288,16,32768,2048,16,1,16,1,split_cin,128,16,20,20,12,1,next_burst,4,0,1,5,0,40,1,1,1,1,non_inclusive,lru,3609303,123756,3485547,526529,1980096,0.265911,64,912,0.070175,1501232,24019712,0,0,207940,0,0,55428591,44520,88725,55769776,55681051,282072312,226391261,0.802600,1979072,463649,1452655,0,62768,0,0,0,0,0.967783,0.999483,0,0,0.000000,29.363566,4,5,5,17,18,20,60,0,12729027,3.526727,3.332740,1882,2891
R16,4,C6,w5b-R16-s4-C6-split_cin,,cache,baseline,loas,16,resnet19_T4_n5,layer_16_layer3_0_conv2,4,16384,8,256,32,524288,16,8192,512,64,4,16,1,split_cin,32,16,20,20,12,1,next_burst,4,0,1,5,0,40,1,1,1,1,non_inclusive,lru,1752015,123756,1628259,1301606,1980096,0.657345,64,976,0.065574,755152,48329728,0,0,711006,0,0,25213240,47880,81042,26053168,25972126,65703114,39730988,0.604705,1979072,100982,677514,0,25521,1175055,0,0,0,0.393161,0.999483,0,0,0.122502,13.706204,2,3,5,17,19,20,52,0,9004509,5.139516,2.543082,1882,2891
R9,0,C2,w5b-R9-s0-C2-split_cin,,cache,baseline,loas,16,resnet19_T4_n5,layer_09_layer2_0_conv2,0,16384,8,1024,128,524288,16,32768,2048,16,1,16,1,split_cin,128,16,20,20,12,1,none,0,0,1,5,0,40,1,1,1,1,non_inclusive,lru,920800,86384,834416,506688,1382144,0.366596,838608,875456,0.957910,18424,294784,0,0,0,0,0,11493866,1706731,152107,13352704,13200597,13200597,0,0.000000,0,0,0,0,0,0,0,0,0,0.000000,0.998518,0,0,0.000000,25.336173,1,1,1,5,7,8,0,0,4533752,4.923710,0.942260,737,902
R9,0,C3,w5b-R9-s0-C3-block_pack,,cache,baseline,loas,16,resnet19_T4_n5,layer_09_layer2_0_conv2,0,16384,1024,1024,1,524288,16,32768,2048,16,1,16,1,block_pack,-1,16,20,20,12,1,none,0,0,1,5,0,40,1,1,1,1,non_inclusive,lru,596066,86384,509682,849648,1382144,0.614732,495648,532496,0.930801,18424,294784,0,0,0,0,0,6343088,1679898,133974,8156960,8022986,8022986,0,0.000000,0,0,0,0,0,0,0,0,0,0.000000,0.998518,0,0,0.000000,15.410724,1,1,1,5,7,8,0,0,3847832,6.455379,4.121743,737,902
R9,0,C3,w5b-R9-s0-C3-split_cin,,cache,baseline,loas,16,resnet19_T4_n5,layer_09_layer2_0_conv2,0,16384,1024,1024,1,524288,16,32768,2048,16,1,16,1,split_cin,1,16,20,20,12,1,none,0,0,1,5,0,40,1,1,1,1,non_inclusive,lru,596066,86384,509682,849648,1382144,0.614732,495648,532496,0.930801,18424,294784,0,0,0,0,0,6343088,1679898,133974,8156960,8022986,8022986,0,0.000000,0,0,0,0,0,0,0,0,0,0.000000,0.998518,0,0,0.000000,15.410724,1,1,1,5,7,8,0,0,3847832,6.455379,5.426866,737,902
R9,0,C4,w5b-R9-s0-C4-split_cin,,cache,baseline,loas,16,resnet19_T4_n5,layer_09_layer2_0_conv2,0,16384,8,256,32,524288,16,8192,512,64,4,16,1,split_cin,32,16,20,20,12,1,none,0,0,1,5,0,40,1,1,1,1,non_inclusive,lru,788641,86384,702257,610320,1382144,0.441575,762608,771824,0.988059,4608,294912,0,0,0,0,0,10664569,424242,149349,11238160,11088811,11088811,0,0.000000,0,0,0,0,0,0,0,0,0,0.000000,0.998518,0,0,0.000434,22.337007,1,1,1,5,8,8,0,0,4312672,5.468486,1.037580,737,902
R9,0,C5,w5b-R9-s0-C5-split_cin,,cache,baseline,loas,16,resnet19_T4_n5,layer_09_layer2_0_conv2,0,16384,8,1024,128,524288,16,32768,2048,16,1,16,1,split_cin,128,16,20,20,12,1,next_burst,4,0,1,5,0,40,1,1,1,1,non_inclusive,lru,880842,86384,794458,621596,1382144,0.449733,944,1040,0.907692,18424,294784,0,0,340177,0,0,12282949,4992,85258,12713376,12628118,51355504,38727386,0.754104,1380096,114908,759508,0,505680,0,0,0,0,0.632652,0.998518,0,0,0.000000,22.010673,3,5,5,8,20,20,0,0,5913848,6.713858,1.703140,737,902
R9,0,C6,w5b-R9-s0-C6-split_cin,,cache,baseline,loas,16,resnet19_T4_n5,layer_09_layer2_0_conv2,0,16384,8,256,32,524288,16,8192,512,64,4,16,1,split_cin,32,16,20,20,12,1,next_burst,4,0,1,5,0,40,1,1,1,1,non_inclusive,lru,773386,86384,687002,713376,1382144,0.516137,1808,1872,0.965812,4608,294912,0,0,317089,0,0,10620503,3328,53160,10994080,10940920,38432694,27491774,0.715323,1380096,103056,666896,0,63329,546815,0,0,0,0.557071,0.998518,0,0,0.000434,19.354510,2,4,5,19,20,20,0,0,5692768,7.360837,1.609898,737,902
R9,1,C2,w5b-R9-s1-C2-split_cin,,cache,baseline,loas,16,resnet19_T4_n5,layer_09_layer2_0_conv2,1,16384,8,1024,128,524288,16,32768,2048,16,1,16,1,split_cin,128,16,20,20,12,1,none,0,0,1,5,0,40,1,1,1,1,non_inclusive,lru,624534,66910,557624,489392,1070560,0.457136,546624,581168,0.940561,17272,276352,0,0,0,0,0,7186135,1600172,137725,8924032,8786307,8786307,0,0.000000,0,0,0,0,0,0,0,0,0,0.000000,0.998087,0,0,0.000000,21.714542,1,1,1,5,7,8,0,0,3320856,5.317334,0.665374,542,768
R9,1,C3,w5b-R9-s1-C3-split_cin,,cache,baseline,loas,16,resnet19_T4_n5,layer_09_layer2_0_conv2,1,16384,1024,1024,1,524288,16,32768,2048,16,1,16,1,split_cin,1,16,20,20,12,1,none,0,0,1,5,0,40,1,1,1,1,non_inclusive,lru,294176,66910,227266,852912,1070560,0.796697,183104,217648,0.841285,17272,276352,0,0,0,0,0,1985757,1565150,87397,3638304,3550907,3550907,0,0.000000,0,0,0,0,0,0,0,0,0,0.000000,0.998087,0,0,0.000000,8.132118,1,1,1,5,8,8,0,0,2593816,8.817225,2.595060,542,768
R9,1,C4,w5b-R9-s1-C4-split_cin,,cache,baseline,loas,16,resnet19_T4_n5,layer_09_layer2_0_conv2,1,16384,8,256,32,524288,16,8192,512,64,4,16,1,split_cin,32,16,20,20,12,1,none,0,0,1,5,0,40,1,1,1,1,non_inclusive,lru,673869,66910,606959,411536,1070560,0.384412,649808,659024,0.986016,4608,294912,0,0,0,0,0,9165343,427496,120553,9713392,9592839,9592839,0,0.000000,0,0,0,0,0,0,0,0,0,0.000000,0.998087,0,0,0.062934,24.623524,1,1,1,5,7,8,0,0,3463904,5.140323,0.766166,542,768
R9,1,C5,w5b-R9-s1-C5-split_cin,,cache,baseline,loas,16,resnet19_T4_n5,layer_09_layer2_0_conv2,1,16384,8,1024,128,524288,16,32768,2048,16,1,16,1,split_cin,128,16,20,20,12,1,next_burst,4,0,1,5,0,40,1,1,1,1,non_inclusive,lru,587772,66910,520862,578804,1070560,0.540655,1008,1104,0.913043,17272,276352,0,0,353788,0,0,7886546,4992,90514,8335840,8245326,30916751,22671425,0.733306,1068512,89412,490652,0,488448,0,0,0,0,0.541832,0.998087,0,0,0.000000,18.373786,3,5,5,7,20,20,0,0,4389368,7.467807,1.353731,542,768
R9,1,C6,w5b-R9-s1-C6-split_cin,,cache,baseline,loas,16,resnet19_T4_n5,layer_09_layer2_0_conv2,1,16384,8,256,32,524288,16,8192,512,64,4,16,1,split_cin,32,16,20,20,12,1,next_burst,4,0,1,5,0,40,1,1,1,1,non_inclusive,lru,660648,66910,593738,496860,1070560,0.464112,1936,2000,0.968000,4608,294912,0,0,223513,0,0,9228296,3328,46719,9501856,9455137,36099336,26644199,0.738080,1068512,85324,571700,0,90034,321454,0,0,0,0.613720,0.998087,0,0,0.062934,21.435510,3,4,5,13,20,20,39,0,4532820,6.861173,1.387322,542,768
R9,2,C2,w5b-R9-s2-C2-split_cin,,cache,baseline,loas,16,resnet19_T4_n5,layer_09_layer2_0_conv2,2,16384,8,1024,128,524288,16,32768,2048,16,1,16,1,split_cin,128,16,20,20,12,1,none,0,0,1,5,0,40,1,1,1,1,non_inclusive,lru,648395,68358,580037,483168,1093728,0.441762,577824,610560,0.946384,16368,261888,0,0,0,0,0,7613972,1526994,141674,9282640,9140966,9140966,0,0.000000,0,0,0,0,0,0,0,0,0,0.000000,0.998128,0,0,0.000000,22.329501,1,1,1,4,7,8,0,0,3425072,5.282385,0.666872,600,738
R9,2,C3,w5b-R9-s2-C3-split_cin,,cache,baseline,loas,16,resnet19_T4_n5,layer_09_layer2_0_conv2,2,16384,1024,1024,1,524288,16,32768,2048,16,1,16,1,split_cin,1,16,20,20,12,1,none,0,0,1,5,0,40,1,1,1,1,non_inclusive,lru,285986,68358,217628,880624,1093728,0.805158,180368,213104,0.846385,16368,261888,0,0,0,0,0,1910125,1484678,89293,3484096,3394803,3394803,0,0.000000,0,0,0,0,0,0,0,0,0,0.000000,0.998128,0,0,0.000000,7.793674,1,1,1,5,7,8,0,0,2630160,9.196814,2.493402,600,738
R9,2,C4,w5b-R9-s2-C4-split_cin,,cache,baseline,loas,16,resnet19_T4_n5,layer_09_layer2_0_conv2,2,16384,8,256,32,524288,16,8192,512,64,4,16,1,split_cin,32,16,20,20,12,1,none,0,0,1,5,0,40,1,1,1,1,non_inclusive,lru,674851,68358,606493,434848,1093728,0.397583,649664,658880,0.986013,4608,294912,0,0,0,0,0,9159549,424469,121918,9705936,9584018,9584018,0,0.000000,0,0,0,0,0,0,0,0,0,0.000000,0.998128,0,0,0.111979,24.096668,1,1,1,5,7,8,0,0,3509952,5.201077,0.716684,600,738
R9,2,C5,w5b-R9-s2-C5-split_cin,,cache,baseline,loas,16,resnet19_T4_n5,layer_09_layer2_0_conv2,2,16384,8,1024,128,524288,16,32768,2048,16,1,16,1,split_cin,128,16,20,20,12,1,next_burst,4,0,1,5,0,40,1,1,1,1,non_inclusive,lru,615057,68358,546699,573996,1093728,0.524807,928,1024,0.906250,16368,261888,0,0,346337,0,0,8303744,4992,94159,8749232,8655073,32921154,24266081,0.737097,1091680,90828,518708,0,482144,0,0,0,0,0.557301,0.998128,0,0,0.000000,19.007724,3,5,5,6,20,20,0,0,4516752,7.343632,1.412903,600,738
R9,2,C6,w5b-R9-s2-C6-split_cin,,cache,baseline,loas,16,resnet19_T4_n5,layer_09_layer2_0_conv2,2,16384,8,256,32,524288,16,8192,512,64,4,16,1,split_cin,32,16,20,20,12,1,next_burst,4,0,1,5,0,40,1,1,1,1,non_inclusive,lru,660131,68358,591773,518039,1093728,0.473645,1936,2000,0.968000,4608,294912,0,0,223681,0,0,9187511,3328,55896,9470416,9414520,35177090,25762570,0.732368,1091680,83191,573689,0,98147,336653,0,0,0,0.600588,0.998128,0,0,0.111979,21.054193,3,4,5,19,20,20,0,0,4601632,6.970786,1.366074,600,738
R9,3,C2,w5b-R9-s3-C2-split_cin,,cache,baseline,loas,16,resnet19_T4_n5,layer_09_layer2_0_conv2,3,16384,8,1024,128,524288,16,32768,2048,16,1,16,1,split_cin,128,16,20,20,12,1,none,0,0,1,5,0,40,1,1,1,1,non_inclusive,lru,838897,78954,759943,471504,1263264,0.373243,755120,791760,0.953723,18320,293120,0,0,0,0,0,10313556,1697352,150228,12161136,12010908,12010908,0,0.000000,0,0,0,0,0,0,0,0,0,0.000000,0.998379,0,0,0.000000,25.070294,1,1,1,5,7,8,0,0,4128496,4.921338,0.917797,630,844
R9,3,C3,w5b-R9-s3-C3-split_cin,,cache,baseline,loas,16,resnet19_T4_n5,layer_09_layer2_0_conv2,3,16384,1024,1024,1,524288,16,32768,2048,16,1,16,1,split_cin,1,16,20,20,12,1,none,0,0,1,5,0,40,1,1,1,1,non_inclusive,lru,507586,78954,428632,822272,1263264,0.650911,404352,440992,0.916915,18320,293120,0,0,0,0,0,5067349,1666783,126028,6860160,6734132,6734132,0,0.000000,0,0,0,0,0,0,0,0,0,0.000000,0.998379,0,0,0.000000,13.963574,1,1,1,5,8,8,0,0,3426960,6.751486,4.511180,630,844
R9,3,C4,w5b-R9-s3-C4-split_cin,,cache,baseline,loas,16,resnet19_T4_n5,layer_09_layer2_0_conv2,3,16384,8,256,32,524288,16,8192,512,64,4,16,1,split_cin,32,16,20,20,12,1,none,0,0,1,5,0,40,1,1,1,1,non_inclusive,lru,761753,78954,682799,518368,1263264,0.410340,735680,744896,0.987628,4608,294912,0,0,0,0,0,10365522,422754,138556,10926832,10788276,10788276,0,0.000000,0,0,0,0,0,0,0,0,0,0.000000,0.998379,0,0,0.006076,23.586392,1,1,1,5,8,8,0,0,4021056,5.278687,0.764601,630,844
R9,3,C5,w5b-R9-s3-C5-split_cin,,cache,baseline,loas,16,resnet19_T4_n5,layer_09_layer2_0_conv2,3,16384,8,1024,128,524288,16,32768,2048,16,1,16,1,split_cin,128,16,20,20,12,1,next_burst,4,0,1,5,0,40,1,1,1,1,non_inclusive,lru,796654,78954,717700,574440,1263264,0.454727,1120,1232,0.909091,18320,293120,0,0,315330,0,0,11082863,5824,81231,11485248,11404017,46048359,34644342,0.752347,1261216,102936,687592,0,470688,0,0,0,0,0.625782,0.998379,0,0,0.000000,21.810928,3,5,5,9,20,20,45,0,5390604,6.766556,1.612380,630,844
R9,3,C6,w5b-R9-s3-C6-split_cin,,cache,baseline,loas,16,resnet19_T4_n5,layer_09_layer2_0_conv2,3,16384,8,256,32,524288,16,8192,512,64,4,16,1,split_cin,32,16,20,20,12,1,next_burst,4,0,1,5,0,40,1,1,1,1,non_inclusive,lru,746665,78954,667711,613296,1263264,0.485485,1808,1872,0.965812,4608,294912,0,0,274646,0,0,10352820,3328,54630,10685424,10630794,39305621,28674827,0.729535,1261216,94928,648096,0,64284,453908,0,0,0,0.588178,0.998379,0,0,0.006076,20.580591,3,4,5,19,20,20,0,0,5282272,7.074487,1.526376,630,844
R9,4,C2,w5b-R9-s4-C2-split_cin,,cache,baseline,loas,16,resnet19_T4_n5,layer_09_layer2_0_conv2,4,16384,8,1024,128,524288,16,32768,2048,16,1,16,1,split_cin,128,16,20,20,12,1,none,0,0,1,5,0,40,1,1,1,1,non_inclusive,lru,907226,85106,822120,499440,1361696,0.366778,825827,862256,0.957752,18216,291456,0,0,0,0,0,11326560,1680757,148651,13155968,13007317,13007317,0,0.000000,0,0,0,0,0,0,0,0,0,0.000000,0.998496,0,0,0.000000,25.328884,1,1,1,5,7,8,0,0,4466248,4.922972,1.004253,735,966
R9,4,C3,w5b-R9-s4-C3-split_cin,,cache,baseline,loas,16,resnet19_T4_n5,layer_09_layer2_0_conv2,4,16384,1024,1024,1,524288,16,32768,2048,16,1,16,1,split_cin,1,16,20,20,12,1,none,0,0,1,5,0,40,1,1,1,1,non_inclusive,lru,525847,85106,440741,903072,1361696,0.663196,422192,458624,0.920562,18216,291456,0,0,0,0,0,5274073,1656293,123538,7053904,6930366,6930366,0,0.000000,0,0,0,0,0,0,0,0,0,0.000000,0.998496,0,0,0.000000,13.472141,1,1,1,5,8,8,0,0,3658984,6.958267,4.803228,735,966
R9,4,C4,w5b-R9-s4-C4-split_cin,,cache,baseline,loas,16,resnet19_T4_n5,layer_09_layer2_0_conv2,4,16384,8,256,32,524288,16,8192,512,64,4,16,1,split_cin,32,16,20,20,12,1,none,0,0,1,5,0,40,1,1,1,1,non_inclusive,lru,782341,85106,697235,595984,1361696,0.437678,756496,765712,0.987964,4608,294912,0,0,0,0,0,10590377,423393,144038,11157808,11013770,11013770,0,0.000000,0,0,0,0,0,0,0,0,0,0.000000,0.998496,0,0,0.011719,22.492891,1,1,1,5,8,8,0,0,4259552,5.444623,0.924706,735,966
R9,4,C5,w5b-R9-s4-C5-split_cin,,cache,baseline,loas,16,resnet19_T4_n5,layer_09_layer2_0_conv2,4,16384,8,1024,128,524288,16,32768,2048,16,1,16,1,split_cin,128,16,20,20,12,1,next_burst,4,0,1,5,0,40,1,1,1,1,non_inclusive,lru,865232,85106,780126,618954,1361696,0.454546,832,960,0.866667,18216,291456,0,0,337684,0,0,12062414,6656,77310,12484064,12406754,50243465,37836711,0.753067,1359648,119514,741782,0,498352,0,0,0,0,0.632517,0.998496,0,0,0.000000,21.818144,3,5,5,8,20,20,0,0,5825896,6.733334,1.664235,735,966
R9,4,C6,w5b-R9-s4-C6-split_cin,,cache,baseline,loas,16,resnet19_T4_n5,layer_09_layer2_0_conv2,4,16384,8,256,32,524288,16,8192,512,64,4,16,1,split_cin,32,16,20,20,12,1,next_burst,4,0,1,5,0,40,1,1,1,1,non_inclusive,lru,766920,85106,681814,701054,1361696,0.514839,1776,1840,0.965217,4608,294912,0,0,314469,0,0,10539466,3328,53809,10911072,10857263,38611557,27754294,0.718808,1359648,105070,658802,0,63203,532573,0,0,0,0.560971,0.998496,0,0,0.011719,19.406446,2,4,5,19,20,20,0,0,5619200,7.326970,1.558887,735,966
V8,0,C2,w5b-V8-s0-C2-split_cin,,cache,baseline,loas,16,vgg16_T4_n5,layer_08_features_27,0,16384,8,1024,128,524288,16,32768,2048,16,1,16,1,split_cin,128,16,20,20,12,1,none,0,0,1,5,0,40,1,1,1,1,non_inclusive,lru,6853950,162352,6691598,186560,2597632,0.071819,37920,2411072,0.015727,2373152,37970432,0,0,0,0,0,205698,106820884,41034,107067616,107026582,107026582,0,0.000000,0,0,0,0,0,0,0,0,0,0.000000,0.999212,0,0,0.000000,37.127230,1,1,1,13,15,16,0,0,12390688,1.807817,3.240605,1226,1875
V8,0,C3,w5b-V8-s0-C3-block_pack,,cache,baseline,loas,16,vgg16_T4_n5,layer_08_features_27,0,16384,1024,1024,1,524288,16,32768,2048,16,1,16,1,block_pack,-1,16,20,20,12,1,none,0,0,1,5,0,40,1,1,1,1,non_inclusive,lru,6795972,162352,6633620,113536,2597632,0.043707,145216,2484096,0.058458,2338880,37422080,0,0,0,0,0,774338,105292150,73480,106139968,106066488,106066488,0,0.000000,0,0,0,0,0,0,0,0,0,0.000000,0.999212,0,0,0.000000,38.251700,1,1,1,13,15,16,0,0,12502464,1.839687,16.934563,1226,1875
V8,0,C3,w5b-V8-s0-C3-split_cin,,cache,baseline,loas,16,vgg16_T4_n5,layer_08_features_27,0,16384,1024,1024,1,524288,16,32768,2048,16,1,16,1,split_cin,1,16,20,20,12,1,none,0,0,1,5,0,40,1,1,1,1,non_inclusive,lru,6795972,162352,6633620,113536,2597632,0.043707,145216,2484096,0.058458,2338880,37422080,0,0,0,0,0,774338,105292150,73480,106139968,106066488,106066488,0,0.000000,0,0,0,0,0,0,0,0,0,0.000000,0.999212,0,0,0.000000,38.251700,1,1,1,13,15,16,0,0,12502464,1.839687,24.783179,1226,1875
V8,0,C4,w5b-V8-s0-C4-split_cin,,cache,baseline,loas,16,vgg16_T4_n5,layer_08_features_27,0,16384,8,256,32,524288,16,8192,512,64,4,16,1,split_cin,32,16,20,20,12,1,none,0,0,1,5,0,40,1,1,1,1,non_inclusive,lru,4135612,162352,3973260,1185600,2597632,0.456416,0,1412032,0.000000,1412032,90370048,0,0,0,0,0,0,63556800,17408,63574208,63556800,63556800,0,0.000000,0,0,0,0,0,0,0,0,0,0.000000,0.999212,0,0,0.104167,21.743372,1,1,1,10,15,16,0,0,9431488,2.280554,2.284083,1226,1875
V8,0,C5,w5b-V8-s0-C5-split_cin,,cache,baseline,loas,16,vgg16_T4_n5,layer_08_features_27,0,16384,8,1024,128,524288,16,32768,2048,16,1,16,1,split_cin,128,16,20,20,12,1,next_burst,4,0,1,5,0,40,1,1,1,1,non_inclusive,lru,5400942,162352,5238590,465728,2597632,0.179289,0,2048,0.000000,2373152,37970432,0,0,160534,0,0,83454516,107520,96918,83819488,83722570,407966512,324243942,0.794781,2595584,279168,2129856,0,186560,0,0,0,0,0.927392,0.999212,0,0,0.000000,32.828422,4,5,5,17,19,20,60,0,17356550,3.213615,5.147967,1226,1875
V8,0,C6,w5b-V8-s0-C6-split_cin,,cache,baseline,loas,16,vgg16_T4_n5,layer_08_features_27,0,16384,8,256,32,524288,16,8192,512,64,4,16,1,split_cin,32,16,20,20,12,1,next_burst,4,0,1,5,0,40,1,1,1,1,non_inclusive,lru,3259118,162352,3096766,1400110,2597632,0.538995,0,1952,0.000000,1412032,90370048,0,0,647652,0,0,48698732,102480,101440,49550304,49448864,161870604,112421740,0.694516,2595584,214510,1195570,0,20346,1165158,0,0,0,0.542833,0.999212,0,0,0.104167,18.440210,2,4,5,17,19,20,56,0,13434388,4.122093,4.016744,1226,1875
V8,1,C2,w5b-V8-s1-C2-split_cin,,cache,baseline,loas,16,vgg16_T4_n5,layer_08_features_27,1,16384,8,1024,128,524288,16,32768,2048,16,1,16,1,split_cin,128,16,20,20,12,1,none,0,0,1,5,0,40,1,1,1,1,non_inclusive,lru,6088048,148272,5939776,217856,2372352,0.091831,50240,2154496,0.023319,2104256,33668096,0,0,0,0,0,269278,94722430,46756,95038464,94991708,94991708,0,0.000000,0,0,0,0,0,0,0,0,0,0.000000,0.999137,0,0,0.000000,36.326751,1,1,1,13,15,16,0,0,11158080,1.832784,2.806788,1125,1696
V8,1,C3,w5b-V8-s1-C3-split_cin,,cache,baseline,loas,16,vgg16_T4_n5,layer_08_features_27,1,16384,1024,1024,1,524288,16,32768,2048,16,1,16,1,split_cin,1,16,20,20,12,1,none,0,0,1,5,0,40,1,1,1,1,non_inclusive,lru,6005574,148272,5857302,142080,2372352,0.059890,170368,2230272,0.076389,2059904,32958464,0,0,0,0,0,903806,92739002,76072,93718880,93642808,93642808,0,0.000000,0,0,0,0,0,0,0,0,0,0.000000,0.999137,0,0,0.000000,37.604403,1,1,1,13,15,16,0,0,11265280,1.875804,22.588258,1125,1696
V8,1,C4,w5b-V8-s1-C4-split_cin,,cache,baseline,loas,16,vgg16_T4_n5,layer_08_features_27,1,16384,8,256,32,524288,16,8192,512,64,4,16,1,split_cin,32,16,20,20,12,1,none,0,0,1,5,0,40,1,1,1,1,non_inclusive,lru,4024872,148272,3876600,994688,2372352,0.419283,0,1377664,0.000000,1377664,88170496,0,0,0,0,0,0,62010240,17408,62027648,62010240,62010240,0,0.000000,0,0,0,0,0,0,0,0,0,0.000000,0.999137,0,0,0.222850,23.228661,1,1,1,10,15,16,0,0,8877824,2.205741,2.105688,1125,1696
V8,1,C5,w5b-V8-s1-C5-split_cin,,cache,baseline,loas,16,vgg16_T4_n5,layer_08_features_27,1,16384,8,1024,128,524288,16,32768,2048,16,1,16,1,split_cin,128,16,20,20,12,1,next_burst,4,0,1,5,0,40,1,1,1,1,non_inclusive,lru,4794656,148272,4646384,504230,2372352,0.212544,0,1920,0.000000,2104256,33668096,0,0,185560,0,0,73926506,100800,131326,74344192,74212866,356917378,282704512,0.792073,2370304,286374,1866202,0,217728,0,0,0,0,0.907359,0.999137,0,0,0.000000,31.498226,4,5,5,17,19,20,60,0,15629710,3.259819,4.672211,1125,1696
V8,1,C6,w5b-V8-s1-C6-split_cin,,cache,baseline,loas,16,vgg16_T4_n5,layer_08_features_27,1,16384,8,256,32,524288,16,8192,512,64,4,16,1,split_cin,32,16,20,20,12,1,next_burst,4,0,1,5,0,40,1,1,1,1,non_inclusive,lru,3178192,148272,3029920,1194858,2372352,0.503660,0,1952,0.000000,1377664,88170496,0,0,511698,0,0,47761016,102480,105574,48480768,48375194,164465920,116090726,0.705865,2370304,200170,1175542,0,18598,975994,0,0,0,0.579894,0.999137,0,0,0.222850,19.853614,2,4,5,17,19,20,59,0,12622022,3.971447,3.676618,1125,1696
V8,2,C2,w5b-V8-s2-C2-split_cin,,cache,baseline,loas,16,vgg16_T4_n5,layer_08_features_27,2,16384,8,1024,128,524288,16,32768,2048,16,1,16,1,split_cin,128,16,20,20,12,1,none,0,0,1,5,0,40,1,1,1,1,non_inclusive,lru,5849694,146200,5703494,267744,2339200,0.114460,51168,2071456,0.024701,2020288,32324608,0,0,0,0,0,272690,90942312,42950,91257952,91215002,91215002,0,0.000000,0,0,0,0,0,0,0,0,0,0.000000,0.999124,0,0,0.000000,35.421614,1,1,1,14,15,16,0,0,10841728,1.853384,2.762644,1089,1666
V8,2,C3,w5b-V8-s2-C3-split_cin,,cache,baseline,loas,16,vgg16_T4_n5,layer_08_features_27,2,16384,1024,1024,1,524288,16,32768,2048,16,1,16,1,split_cin,1,16,20,20,12,1,none,0,0,1,5,0,40,1,1,1,1,non_inclusive,lru,5864482,146200,5718282,141568,2339200,0.060520,190176,2197632,0.086537,2007456,32119296,0,0,0,0,0,1021160,90390040,83360,91494560,91411200,91411200,0,0.000000,0,0,0,0,0,0,0,0,0,0.000000,0.999124,0,0,0.000000,37.579207,1,1,1,13,15,16,0,0,11081248,1.889553,22.287006,1089,1666
V8,2,C4,w5b-V8-s2-C4-split_cin,,cache,baseline,loas,16,vgg16_T4_n5,layer_08_features_27,2,16384,8,256,32,524288,16,8192,512,64,4,16,1,split_cin,32,16,20,20,12,1,none,0,0,1,5,0,40,1,1,1,1,non_inclusive,lru,3973660,146200,3827460,979008,2339200,0.418523,0,1360192,0.000000,1360192,87052288,0,0,0,0,0,0,61224000,17408,61241408,61224000,61224000,0,0.000000,0,0,0,0,0,0,0,0,0,0.000000,0.999124,0,0,0.208007,23.259097,1,1,1,10,15,16,0,0,8759104,2.204291,2.137754,1089,1666
V8,2,C5,w5b-V8-s2-C5-split_cin,,cache,baseline,loas,16,vgg16_T4_n5,layer_08_features_27,2,16384,8,1024,128,524288,16,32768,2048,16,1,16,1,split_cin,128,16,20,20,12,1,next_burst,4,0,1,5,0,40,1,1,1,1,non_inclusive,lru,4615958,146200,4469758,538202,2339200,0.230080,0,2048,0.000000,2020288,32324608,0,0,194698,0,0,71113294,107520,102664,71518176,71415512,336940588,265525076,0.788047,2337152,270458,1798950,0,267744,0,0,0,0,0.884665,0.999124,0,0,0.000000,30.796819,4,5,5,17,19,20,60,0,15194812,3.291800,4.413998,1089,1666
V8,2,C6,w5b-V8-s2-C6-split_cin,,cache,baseline,loas,16,vgg16_T4_n5,layer_08_features_27,2,16384,8,256,32,524288,16,8192,512,64,4,16,1,split_cin,32,16,20,20,12,1,next_burst,4,0,1,5,0,40,1,1,1,1,non_inclusive,lru,3126682,146200,2980482,1183116,2339200,0.505778,0,1952,0.000000,1360192,87052288,0,0,498388,0,0,46989536,102480,99356,47689760,47590404,162426712,114836308,0.707004,2337152,204108,1154132,0,15740,963172,0,0,0,0.580643,0.999124,0,0,0.208007,19.768878,3,4,5,17,19,20,59,0,12452472,3.982647,3.646843,1089,1666
V8,3,C2,w5b-V8-s3-C2-split_cin,,cache,baseline,loas,16,vgg16_T4_n5,layer_08_features_27,3,16384,8,1024,128,524288,16,32768,2048,16,1,16,1,split_cin,128,16,20,20,12,1,none,0,0,1,5,0,40,1,1,1,1,non_inclusive,lru,6567300,156016,6411284,185056,2496256,0.074133,37696,2311200,0.016310,2273504,36376064,0,0,0,0,0,205268,102337022,40302,102582592,102542290,102542290,0,0.000000,0,0,0,0,0,0,0,0,0,0.000000,0.999180,0,0,0.000000,37.034663,1,1,1,13,15,16,0,0,11888544,1.810264,3.070338,1155,1786
V8,3,C3,w5b-V8-s3-C3-split_cin,,cache,baseline,loas,16,vgg16_T4_n5,layer_08_features_27,3,16384,1024,1024,1,524288,16,32768,2048,16,1,16,1,split_cin,1,16,20,20,12,1,none,0,0,1,5,0,40,1,1,1,1,non_inclusive,lru,6502246,156016,6346230,119840,2496256,0.048008,138688,2376416,0.058360,2237728,35803648,0,0,0,0,0,738110,100738442,65176,101541728,101476552,101476552,0,0.000000,0,0,0,0,0,0,0,0,0,0.000000,0.999180,0,0,0.000000,38.079684,1,1,1,13,15,16,0,0,11983200,1.842932,24.353037,1155,1786
V8,3,C4,w5b-V8-s3-C4-split_cin,,cache,baseline,loas,16,vgg16_T4_n5,layer_08_features_27,3,16384,8,256,32,524288,16,8192,512,64,4,16,1,split_cin,32,16,20,20,12,1,none,0,0,1,5,0,40,1,1,1,1,non_inclusive,lru,4080046,156016,3924030,1101728,2496256,0.441352,0,1394528,0.000000,1394528,89249792,0,0,0,0,0,0,62769120,17408,62786528,62769120,62769120,0,0.000000,0,0,0,0,0,0,0,0,0,0.000000,0.999180,0,0,0.106337,22.345913,1,1,1,10,15,16,0,0,9176224,2.249049,2.137292,1155,1786
V8,3,C5,w5b-V8-s3-C5-split_cin,,cache,baseline,loas,16,vgg16_T4_n5,layer_08_features_27,3,16384,8,1024,128,524288,16,32768,2048,16,1,16,1,split_cin,128,16,20,20,12,1,next_burst,4,0,1,5,0,40,1,1,1,1,non_inclusive,lru,5171294,156016,5015278,459304,2496256,0.183997,0,2048,0.000000,2273504,36376064,0,0,157468,0,0,79864758,107520,116750,80246496,80129746,389502330,309372584,0.794277,2494208,274248,2034904,0,185056,0,0,0,0,0.925046,0.999180,0,0,0.000000,32.640114,4,5,5,17,19,20,60,0,16653050,3.220287,4.925181,1155,1786
V8,3,C6,w5b-V8-s3-C6-split_cin,,cache,baseline,loas,16,vgg16_T4_n5,layer_08_features_27,3,16384,8,256,32,524288,16,8192,512,64,4,16,1,split_cin,32,16,20,20,12,1,next_burst,4,0,1,5,0,40,1,1,1,1,non_inclusive,lru,3225970,156016,3069954,1306602,2496256,0.523425,0,1952,0.000000,1394528,89249792,0,0,590428,0,0,48324118,102480,104286,49121312,49017026,164867950,115850924,0.702689,2494208,204874,1187702,0,20914,1080718,0,0,0,0.557866,0.999180,0,0,0.106337,19.063013,2,4,5,17,19,20,58,0,13060450,4.048534,4.279672,1155,1786
V8,4,C2,w5b-V8-s4-C2-split_cin,,cache,baseline,loas,16,vgg16_T4_n5,layer_08_features_27,4,16384,8,1024,128,524288,16,32768,2048,16,1,16,1,split_cin,128,16,20,20,12,1,none,0,0,1,5,0,40,1,1,1,1,non_inclusive,lru,6931178,162512,6768666,167104,2600192,0.064266,31840,2433088,0.013086,2401248,38419968,0,0,0,0,0,175112,108085284,40308,108300704,108260396,108260396,0,0.000000,0,0,0,0,0,0,0,0,0,0.000000,0.999212,0,0,0.000000,37.429359,1,1,1,13,15,16,0,0,12467936,1.798819,3.225401,1217,1890
V8,4,C3,w5b-V8-s4-C3-split_cin,,cache,baseline,loas,16,vgg16_T4_n5,layer_08_features_27,4,16384,1024,1024,1,524288,16,32768,2048,16,1,16,1,split_cin,1,16,20,20,12,1,none,0,0,1,5,0,40,1,1,1,1,non_inclusive,lru,6908696,162512,6746184,82816,2600192,0.031850,137440,2517376,0.054597,2379936,38078976,0,0,0,0,0,727792,107139052,74148,107940992,107866844,107866844,0,0.000000,0,0,0,0,0,0,0,0,0,0.000000,0.999212,0,0,0.000000,38.726002,1,1,1,13,15,16,0,0,12615200,1.825989,25.482075,1217,1890
V8,4,C4,w5b-V8-s4-C4-split_cin,,cache,baseline,loas,16,vgg16_T4_n5,layer_08_features_27,4,16384,8,256,32,524288,16,8192,512,64,4,16,1,split_cin,32,16,20,20,12,1,none,0,0,1,5,0,40,1,1,1,1,non_inclusive,lru,4072772,162512,3910260,1210560,2600192,0.465566,0,1389632,0.000000,1389632,88936448,0,0,0,0,0,0,62548800,17408,62566208,62548800,62548800,0,0.000000,0,0,0,0,0,0,0,0,0,0.000000,0.999212,0,0,0.104818,21.377375,1,1,1,10,15,16,0,0,9369408,2.300499,2.281187,1217,1890
V8,4,C5,w5b-V8-s4-C5-split_cin,,cache,baseline,loas,16,vgg16_T4_n5,layer_08_features_27,4,16384,8,1024,128,524288,16,32768,2048,16,1,16,1,split_cin,128,16,20,20,12,1,next_burst,4,0,1,5,0,40,1,1,1,1,non_inclusive,lru,5455002,162512,5292490,441656,2600192,0.169855,0,2048,0.000000,2401248,38419968,0,0,157740,0,0,84303958,107520,112670,84681888,84569218,414724666,330155448,0.796083,2598144,274552,2156488,0,167104,0,0,0,0,0.934946,0.999212,0,0,0.000000,33.205794,4,5,5,18,19,20,60,0,17464102,3.201484,5.102853,1217,1890
V8,4,C6,w5b-V8-s4-C6-split_cin,,cache,baseline,loas,16,vgg16_T4_n5,layer_08_features_27,4,16384,8,256,32,524288,16,8192,512,64,4,16,1,split_cin,32,16,20,20,12,1,next_burst,4,0,1,5,0,40,1,1,1,1,non_inclusive,lru,3208082,162512,3045570,1408480,2600192,0.541683,0,1952,0.000000,1389632,88936448,0,0,644794,0,0,47875678,102480,108216,48731168,48622952,154500002,105877050,0.685288,2598144,197920,1189760,0,22838,1187626,0,0,0,0.533684,0.999212,0,0,0.104818,18.332677,2,4,5,17,19,20,57,0,13353472,4.162447,4.250959,1217,1890
V9,0,C2,w5b-V9-s0-C2-split_cin,,cache,baseline,loas,16,vgg16_T4_n5,layer_09_features_30,0,16384,8,1024,128,524288,16,32768,2048,16,1,16,1,split_cin,128,16,20,20,12,1,none,0,0,1,5,0,40,1,1,1,1,non_inclusive,lru,14256348,312192,13944156,35776,4995072,0.007162,2688,4959296,0.000542,4956608,79305728,0,0,0,0,0,17784,223067640,23120,223108544,223085424,223085424,0,0.000000,0,0,0,0,0,0,0,0,0,0.000000,0.999590,0,0,0.000000,39.713510,1,1,1,10,15,16,0,0,24865472,1.744168,6.630277,2362,3575
V9,0,C3,w5b-V9-s0-C3-block_pack,,cache,baseline,loas,16,vgg16_T4_n5,layer_09_features_30,0,16384,1024,1024,1,524288,16,32768,2048,16,1,16,1,block_pack,-1,16,20,20,12,1,none,0,0,1,5,0,40,1,1,1,1,non_inclusive,lru,14278512,312192,13966320,29952,4995072,0.005996,0,4965120,0.000000,4965120,79441920,0,0,0,0,0,0,223445760,17408,223463168,223445760,223445760,0,0.000000,0,0,0,0,0,0,0,0,0,0.000000,0.999590,0,0,0.000000,39.760148,1,1,1,10,15,16,0,0,24885632,1.742873,33.155745,2362,3575
V9,0,C3,w5b-V9-s0-C3-split_cin,,cache,baseline,loas,16,vgg16_T4_n5,layer_09_features_30,0,16384,1024,1024,1,524288,16,32768,2048,16,1,16,1,split_cin,1,16,20,20,12,1,none,0,0,1,5,0,40,1,1,1,1,non_inclusive,lru,14278512,312192,13966320,29952,4995072,0.005996,0,4965120,0.000000,4965120,79441920,0,0,0,0,0,0,223445760,17408,223463168,223445760,223445760,0,0.000000,0,0,0,0,0,0,0,0,0,0.000000,0.999590,0,0,0.000000,39.760148,1,1,1,10,15,16,0,0,24885632,1.742873,41.130048,2362,3575
V9,0,C4,w5b-V9-s0-C4-split_cin,,cache,baseline,loas,16,vgg16_T4_n5,layer_09_features_30,0,16384,8,256,32,524288,16,8192,512,64,4,16,1,split_cin,32,16,20,20,12,1,none,0,0,1,5,0,40,1,1,1,1,non_inclusive,lru,4874592,312192,4562400,3373568,4995072,0.675379,0,1621504,0.000000,1621504,103776256,0,0,0,0,0,0,72983040,17408,73000448,72983040,72983040,0,0.000000,0,0,0,0,0,0,0,0,0,0.000000,0.999590,0,0,0.010200,12.984830,1,1,1,9,15,16,0,0,14854784,3.047390,3.558436,2362,3575
V9,0,C5,w5b-V9-s0-C5-split_cin,,cache,baseline,loas,16,vgg16_T4_n5,layer_09_features_30,0,16384,8,1024,128,524288,16,32768,2048,16,1,16,1,split_cin,128,16,20,20,12,1,next_burst,4,0,1,5,0,40,1,1,1,1,non_inclusive,lru,11167850,312192,10855658,166768,4995072,0.033387,0,2048,0.000000,4956608,79305728,0,0,34076,0,0,173489896,107520,61084,173692576,173631492,885617504,711986012,0.803943,4993024,130992,4826256,0,35776,0,0,0,0,0.992428,0.999590,0,0,0.000000,38.664540,4,5,5,18,19,20,60,0,34810504,3.117028,9.774941,2362,3575
V9,0,C6,w5b-V9-s0-C6-split_cin,,cache,baseline,loas,16,vgg16_T4_n5,layer_09_features_30,0,16384,8,256,32,524288,16,8192,512,64,4,16,1,split_cin,32,16,20,20,12,1,next_burst,4,0,1,5,0,40,1,1,1,1,non_inclusive,lru,3702172,312192,3389980,3530918,4995072,0.706880,0,1952,0.000000,1621504,103776256,0,0,2112608,0,0,51803276,102480,223364,54241728,54018364,120896162,66877798,0.553184,4993024,157350,1462202,0,78388,3295084,0,0,0,0.324230,0.999590,0,0,0.010200,11.724788,1,2,3,17,19,20,25,0,21459376,5.796429,6.370065,2362,3575
V9,1,C2,w5b-V9-s1-C2-split_cin,,cache,baseline,loas,16,vgg16_T4_n5,layer_09_features_30,1,16384,8,1024,128,524288,16,32768,2048,16,1,16,1,split_cin,128,16,20,20,12,1,none,0,0,1,5,0,40,1,1,1,1,non_inclusive,lru,13991028,306872,13684156,42112,4909952,0.008577,4032,4867840,0.000828,4863808,77820928,0,0,0,0,0,27260,218894986,26298,218948544,218922246,218922246,0,0.000000,0,0,0,0,0,0,0,0,0,0.000000,0.999583,0,0,0.000000,39.656925,1,1,1,12,15,16,0,0,24419520,1.745370,6.357862,2304,3507
V9,1,C3,w5b-V9-s1-C3-split_cin,,cache,baseline,loas,16,vgg16_T4_n5,layer_09_features_30,1,16384,1024,1024,1,524288,16,32768,2048,16,1,16,1,split_cin,1,16,20,20,12,1,none,0,0,1,5,0,40,1,1,1,1,non_inclusive,lru,14043002,306872,13736130,26592,4909952,0.005416,128,4883360,0.000026,4883232,78131712,0,0,0,0,0,1032,219761296,17800,219780128,219762328,219762328,0,0.000000,0,0,0,0,0,0,0,0,0,0.000000,0.999583,0,0,0.000000,39.783362,1,1,1,10,15,16,0,0,24469984,1.742504,40.724183,2304,3507
V9,1,C4,w5b-V9-s1-C4-split_cin,,cache,baseline,loas,16,vgg16_T4_n5,layer_09_features_30,1,16384,8,256,32,524288,16,8192,512,64,4,16,1,split_cin,32,16,20,20,12,1,none,0,0,1,5,0,40,1,1,1,1,non_inclusive,lru,4868102,306872,4561230,3288864,4909952,0.669836,0,1621088,0.000000,1621088,103749632,0,0,0,0,0,0,72964320,17408,72981728,72964320,72964320,0,0.000000,0,0,0,0,0,0,0,0,0,0.000000,0.999583,0,0,0.018446,13.206549,1,1,1,9,15,16,0,0,14683296,3.016226,3.618140,2304,3507
V9,1,C5,w5b-V9-s1-C5-split_cin,,cache,baseline,loas,16,vgg16_T4_n5,layer_09_features_30,1,16384,8,1024,128,524288,16,32768,2048,16,1,16,1,split_cin,128,16,20,20,12,1,next_burst,4,0,1,5,0,40,1,1,1,1,non_inclusive,lru,10963754,306872,10656882,240734,4909952,0.049030,0,2048,0.000000,4863808,77820928,0,0,54884,0,0,170277928,107520,71828,170512160,170440332,868227338,697787006,0.803692,4907904,198622,4667170,0,42112,0,0,0,0,0.991006,0.999583,0,0,0.000000,38.038808,4,5,5,18,19,20,60,0,34186266,3.118117,9.707157,2304,3507
V9,1,C6,w5b-V9-s1-C6-split_cin,,cache,baseline,loas,16,vgg16_T4_n5,layer_09_features_30,1,16384,8,256,32,524288,16,8192,512,64,4,16,1,split_cin,32,16,20,20,12,1,next_burst,4,0,1,5,0,40,1,1,1,1,non_inclusive,lru,3702984,306872,3396112,3460420,4909952,0.704777,0,1952,0.000000,1621088,103749632,0,0,2064450,0,0,51958366,102480,214544,54339840,54125296,122107990,67982694,0.556742,4907904,171556,1447580,0,77100,3211668,0,0,0,0.329766,0.999583,0,0,0.018446,11.808930,2,2,4,17,19,20,25,0,21204188,5.726243,6.435694,2304,3507
V9,2,C2,w5b-V9-s2-C2-split_cin,,cache,baseline,loas,16,vgg16_T4_n5,layer_09_features_30,2,16384,8,1024,128,524288,16,32768,2048,16,1,16,1,split_cin,128,16,20,20,12,1,none,0,0,1,5,0,40,1,1,1,1,non_inclusive,lru,14270626,312424,13958202,34656,4998784,0.006933,2432,4964128,0.000490,4961696,79387136,0,0,0,0,0,15728,223295816,21736,223333280,223311544,223311544,0,0.000000,0,0,0,0,0,0,0,0,0,0.000000,0.999590,0,0,0.000000,39.722685,1,1,1,10,15,16,0,0,24887648,1.743977,6.455632,2343,3563
V9,2,C3,w5b-V9-s2-C3-split_cin,,cache,baseline,loas,16,vgg16_T4_n5,layer_09_features_30,2,16384,1024,1024,1,524288,16,32768,2048,16,1,16,1,split_cin,1,16,20,20,12,1,none,0,0,1,5,0,40,1,1,1,1,non_inclusive,lru,14291344,312424,13978920,29184,4998784,0.005838,0,4969600,0.000000,4969600,79513600,0,0,0,0,0,0,223647360,17408,223664768,223647360,223647360,0,0.000000,0,0,0,0,0,0,0,0,0,0.000000,0.999590,0,0,0.000000,39.766471,1,1,1,10,15,16,0,0,24906496,1.742768,45.243714,2343,3563
V9,2,C4,w5b-V9-s2-C4-split_cin,,cache,baseline,loas,16,vgg16_T4_n5,layer_09_features_30,2,16384,8,256,32,524288,16,8192,512,64,4,16,1,split_cin,32,16,20,20,12,1,none,0,0,1,5,0,40,1,1,1,1,non_inclusive,lru,4873024,312424,4560600,3377920,4998784,0.675748,0,1620864,0.000000,1620864,103735296,0,0,0,0,0,0,72954240,17408,72971648,72954240,72954240,0,0.000000,0,0,0,0,0,0,0,0,0,0.000000,0.999590,0,0,0.009983,12.970066,1,1,1,9,15,16,0,0,14860288,3.049500,3.403065,2343,3563
V9,2,C5,w5b-V9-s2-C5-split_cin,,cache,baseline,loas,16,vgg16_T4_n5,layer_09_features_30,2,16384,8,1024,128,524288,16,32768,2048,16,1,16,1,split_cin,128,16,20,20,12,1,next_burst,4,0,1,5,0,40,1,1,1,1,non_inclusive,lru,11178276,312424,10865852,136500,4998784,0.027307,0,2048,0.000000,4961696,79387136,0,0,37336,0,0,173641506,107520,69318,173855680,173786362,886431204,712644842,0.803948,4996736,101844,4860236,0,34656,0,0,0,0,0.992657,0.999590,0,0,0.000000,38.907734,4,5,5,18,19,20,60,0,34841050,3.116854,9.995999,2343,3563
V9,2,C6,w5b-V9-s2-C6-split_cin,,cache,baseline,loas,16,vgg16_T4_n5,layer_09_features_30,2,16384,8,256,32,524288,16,8192,512,64,4,16,1,split_cin,32,16,20,20,12,1,next_burst,4,0,1,5,0,40,1,1,1,1,non_inclusive,lru,3700152,312424,3387728,3512796,4998784,0.702730,0,1952,0.000000,1620864,103735296,0,0,2064454,0,0,51813538,102480,225224,54205696,53980472,119859624,65879152,0.549636,4996736,134876,1484036,0,70498,3307326,0,0,0,0.323861,0.999590,0,0,0.009983,11.890796,2,2,4,17,19,20,35,0,21467638,5.801826,6.589115,2343,3563
V9,3,C2,w5b-V9-s3-C2-split_cin,,cache,baseline,loas,16,vgg16_T4_n5,layer_09_features_30,3,16384,8,1024,128,524288,16,32768,2048,16,1,16,1,split_cin,128,16,20,20,12,1,none,0,0,1,5,0,40,1,1,1,1,non_inclusive,lru,14342892,313776,14029116,32064,5020416,0.006387,1280,4988352,0.000257,4987072,79793152,0,0,0,0,0,9552,224437480,20872,224467904,224447032,224447032,0,0.000000,0,0,0,0,0,0,0,0,0,0.000000,0.999592,0,0,0.000000,39.744531,1,1,1,10,15,16,0,0,25004736,1.743354,6.571851,2358,3567
V9,3,C3,w5b-V9-s3-C3-split_cin,,cache,baseline,loas,16,vgg16_T4_n5,layer_09_features_30,3,16384,1024,1024,1,524288,16,32768,2048,16,1,16,1,split_cin,1,16,20,20,12,1,none,0,0,1,5,0,40,1,1,1,1,non_inclusive,lru,14352612,313776,14038836,28992,5020416,0.005775,736,4991424,0.000147,4990688,79851008,0,0,0,0,0,5486,224598542,19396,224623424,224604028,224604028,0,0.000000,0,0,0,0,0,0,0,0,0,0.000000,0.999592,0,0,0.000000,39.769007,1,1,1,10,15,16,0,0,25014496,1.742853,40.460113,2358,3567
V9,3,C4,w5b-V9-s3-C4-split_cin,,cache,baseline,loas,16,vgg16_T4_n5,layer_09_features_30,3,16384,8,256,32,524288,16,8192,512,64,4,16,1,split_cin,32,16,20,20,12,1,none,0,0,1,5,0,40,1,1,1,1,non_inclusive,lru,4880406,313776,4566630,3397408,5020416,0.676718,0,1623008,0.000000,1623008,103872512,0,0,0,0,0,0,73050720,17408,73068128,73050720,73050720,0,0.000000,0,0,0,0,0,0,0,0,0,0.000000,0.999592,0,0,0.008681,12.931263,1,1,1,9,15,16,0,0,14909984,3.055070,3.623887,2358,3567
V9,3,C5,w5b-V9-s3-C5-split_cin,,cache,baseline,loas,16,vgg16_T4_n5,layer_09_features_30,3,16384,8,1024,128,524288,16,32768,2048,16,1,16,1,split_cin,128,16,20,20,12,1,next_burst,4,0,1,5,0,40,1,1,1,1,non_inclusive,lru,11234808,313776,10921032,117346,5020416,0.023374,0,2048,0.000000,4987072,79793152,0,0,30858,0,0,174551436,107520,48746,174738560,174689814,891330470,716640656,0.804012,5018368,85282,4901022,0,32064,0,0,0,0,0.993205,0.999592,0,0,0.000000,39.065050,4,5,5,18,19,20,60,0,35005390,3.115798,9.860689,2358,3567
V9,3,C6,w5b-V9-s3-C6-split_cin,,cache,baseline,loas,16,vgg16_T4_n5,layer_09_features_30,3,16384,8,256,32,524288,16,8192,512,64,4,16,1,split_cin,32,16,20,20,12,1,next_burst,4,0,1,5,0,40,1,1,1,1,non_inclusive,lru,3705636,313776,3391860,3546696,5020416,0.706455,0,1952,0.000000,1623008,103872512,0,0,2114678,0,0,51829018,102480,225632,54271808,54046176,120218682,66172506,0.550434,5018368,149288,1471768,0,75830,3321482,0,0,0,0.322893,0.999592,0,0,0.008681,11.741816,1,2,4,17,19,20,27,0,21543584,5.813735,6.680349,2358,3567
V9,4,C2,w5b-V9-s4-C2-split_cin,,cache,baseline,loas,16,vgg16_T4_n5,layer_09_features_30,4,16384,8,1024,128,524288,16,32768,2048,16,1,16,1,split_cin,128,16,20,20,12,1,none,0,0,1,5,0,40,1,1,1,1,non_inclusive,lru,13813556,302864,13510692,40160,4845824,0.008288,3424,4805664,0.000712,4802240,76835840,0,0,0,0,0,23750,216124004,25366,216173120,216147754,216147754,0,0.000000,0,0,0,0,0,0,0,0,0,0.000000,0.999577,0,0,0.000000,39.668498,1,1,1,12,15,16,0,0,24105344,1.745050,6.338928,2274,3431
V9,4,C3,w5b-V9-s4-C3-split_cin,,cache,baseline,loas,16,vgg16_T4_n5,layer_09_features_30,4,16384,1024,1024,1,524288,16,32768,2048,16,1,16,1,split_cin,1,16,20,20,12,1,none,0,0,1,5,0,40,1,1,1,1,non_inclusive,lru,13855232,302864,13552368,27840,4845824,0.005745,64,4817984,0.000013,4817920,77086720,0,0,0,0,0,452,216821918,17566,216839936,216822370,216822370,0,0.000000,0,0,0,0,0,0,0,0,0,0.000000,0.999577,0,0,0.000000,39.770194,1,1,1,10,15,16,0,0,24145664,1.742711,39.319199,2274,3431
V9,4,C4,w5b-V9-s4-C4-split_cin,,cache,baseline,loas,16,vgg16_T4_n5,layer_09_features_30,4,16384,8,256,32,524288,16,8192,512,64,4,16,1,split_cin,32,16,20,20,12,1,none,0,0,1,5,0,40,1,1,1,1,non_inclusive,lru,4853924,302864,4551060,3228352,4845824,0.666213,0,1617472,0.000000,1617472,103518208,0,0,0,0,0,0,72801600,17408,72819008,72801600,72801600,0,0.000000,0,0,0,0,0,0,0,0,0,0.000000,0.999577,0,0,0.011719,13.351471,1,1,1,9,15,16,0,0,14544192,2.996378,3.342580,2274,3431
V9,4,C5,w5b-V9-s4-C5-split_cin,,cache,baseline,loas,16,vgg16_T4_n5,layer_09_features_30,4,16384,8,1024,128,524288,16,32768,2048,16,1,16,1,split_cin,128,16,20,20,12,1,next_burst,4,0,1,5,0,40,1,1,1,1,non_inclusive,lru,10823052,302864,10520188,248832,4845824,0.051350,0,2048,0.000000,4802240,76835840,0,0,49094,0,0,168091348,107520,77094,168325056,168247962,857337974,689090012,0.803755,4843776,208672,4594944,0,40160,0,0,0,0,0.991290,0.999577,0,0,0.000000,37.946009,4,5,5,18,19,20,60,0,33746808,3.118049,9.752039,2274,3431
V9,4,C6,w5b-V9-s4-C6-split_cin,,cache,baseline,loas,16,vgg16_T4_n5,layer_09_features_30,4,16384,8,256,32,524288,16,8192,512,64,4,16,1,split_cin,32,16,20,20,12,1,next_burst,4,0,1,5,0,40,1,1,1,1,non_inclusive,lru,3696126,302864,3393262,3397782,4845824,0.701177,0,1952,0.000000,1617472,103518208,0,0,2007976,0,0,51956680,102480,227104,54294240,54067136,122716498,68649362,0.559414,4843776,169430,1446090,0,74376,3153880,0,0,0,0.333384,0.999577,0,0,0.011719,11.952906,2,3,4,17,19,20,42,0,20996358,5.680639,6.367785,2274,3431
