_tag,_sample,_config,_banks,run_id,git_commit,arm,tier,arch,n_cores,workload,layer,sample_idx,l1_size_bytes,l1_assoc,l1_num_lines,l1_num_sets,l2_size_bytes,l2_assoc,l2_num_lines,l2_num_sets,line_size_bytes,cin_block,cout_block,weight_bytes,layout,cin_lo_blocks,l1_mshrs,l1_tgts_per_mshr,l2_mshrs,l2_tgts_per_mshr,l1_demand_reserve,prefetch_policy,prefetch_distance,l1_latency,l1_ii,l2_latency,l2_to_l1_latency,l2_miss_latency,l2_banks,l2_ii,dram_ii,core_accept_ii,inclusion,policy,total_cycles,tick_base_total,stretch_cycles,l1_hits,l1_accesses,l1_hit_rate,l2_hits,l2_accesses,l2_hit_rate,dram_accesses,dram_bytes,stall_l1_slot,stall_l1_line,stall_l1_port,stall_l2_slot,stall_l2_line,stall_l2_port,stall_channel,stall_barrier,stall_total,core_stall_sum,fetch_latency_sum,hidden_latency,hidden_fraction,pf_issued,pf_timely,pf_late,pf_wasted,pf_dropped_array_hit,pf_dropped_matching,pf_dropped_no_slot,pf_dropped_targets_full,pf_dropped_reserve,pf_coverage,pf_coverage_ceiling,pf_budget_exhausted,pf_pollution_evictions,padding_fraction,port_bound_threshold,l1_mshr_occ_p50,l1_mshr_occ_p95,l1_mshr_occ_max,l2_mshr_occ_p50,l2_mshr_occ_p95,l2_mshr_occ_max,max_wait_depth,hits_downgraded_to_miss,events,events_per_cycle,sim_wall_seconds,distinct_addr_per_core_tile_p50,distinct_addr_per_core_tile_max
R16,0,C5,2,w5d-R16-s0-C5-b2,,cache,baseline,loas,16,resnet19_T4_n5,layer_16_layer3_0_conv2,0,16384,8,1024,128,524288,16,32768,2048,16,1,16,1,split_cin,128,16,20,20,12,1,next_burst,4,0,1,8,0,24,2,1,1,1,non_inclusive,lru,2416516,123108,2293408,672899,1969728,0.341620,416,886,0.469526,1474816,23597056,0,0,281068,10190,0,36290276,10764,103254,36695552,36592298,187778392,151186094,0.805130,1968704,608515,1296045,0,64144,0,0,0,0,0.966915,0.999480,0,0,0.000000,31.602227,4,5,5,15,16,20,58,0,12628148,5.225766,8.277997,1842,2854
R16,0,C5,4,w5d-R16-s0-C5-b4,,cache,baseline,loas,16,resnet19_T4_n5,layer_16_layer3_0_conv2,0,16384,8,1024,128,524288,16,32768,2048,16,1,16,1,split_cin,128,16,20,20,12,1,next_burst,4,0,1,8,0,24,4,1,1,1,non_inclusive,lru,2368212,123108,2245104,654070,1969728,0.332061,416,972,0.427984,1474816,23597056,0,0,285436,15106,0,35534231,7262,80653,35922688,35842035,184166640,148324605,0.805383,1968704,589686,1314874,0,64144,0,0,0,0,0.966915,0.999480,0,0,0.000000,64.122137,4,5,5,15,16,20,60,0,12646298,5.340019,8.109627,1842,2854
R16,0,C5,8,w5d-R16-s0-C5-b8,,cache,baseline,loas,16,resnet19_T4_n5,layer_16_layer3_0_conv2,0,16384,8,1024,128,524288,16,32768,2048,16,1,16,1,split_cin,128,16,20,20,12,1,next_burst,4,0,1,8,0,24,8,1,1,1,non_inclusive,lru,2364193,123108,2241085,626050,1969728,0.317836,416,1014,0.410256,1474816,23597056,0,0,276867,21913,0,35482931,5513,71160,35858384,35787224,183900332,148113108,0.805399,1968704,561666,1342894,0,64144,0,0,0,0,0.966915,0.999480,0,0,0.000000,130.975534,4,5,5,15,17,20,60,0,12646937,5.349367,7.342018,1842,2854
R16,0,C6,2,w5d-R16-s0-C6-b2,,cache,baseline,loas,16,resnet19_T4_n5,layer_16_layer3_0_conv2,0,16384,8,256,32,524288,16,8192,512,64,4,16,1,split_cin,32,16,20,20,12,1,next_burst,4,0,1,8,0,24,2,1,1,1,non_inclusive,lru,1255256,123108,1132148,1289694,1969728,0.654757,64,1274,0.050235,768560,49187840,0,0,689368,20638,0,17279601,25038,100747,18115392,18014645,47268812,29254167,0.618889,1968704,113166,679058,0,23996,1152484,0,0,0,0.402200,0.999480,0,0,0.110460,16.571644,2,3,5,15,16,20,41,0,9025119,7.189863,5.811292,1842,2854
R16,0,C6,4,w5d-R16-s0-C6-b4,,cache,baseline,loas,16,resnet19_T4_n5,layer_16_layer3_0_conv2,0,16384,8,256,32,524288,16,8192,512,64,4,16,1,split_cin,32,16,20,20,12,1,next_burst,4,0,1,8,0,24,4,1,1,1,non_inclusive,lru,1244631,123108,1121523,1276331,1969728,0.647973,64,1312,0.048780,768560,49187840,0,0,671255,24168,0,17127445,23346,99178,17945392,17846214,46854613,29008399,0.619115,1968704,99803,692421,0,22328,1154152,0,0,0,0.402200,0.999480,0,0,0.110460,33.794571,2,3,5,15,16,20,43,0,9023461,7.249909,5.763488,1842,2854
R16,0,C6,8,w5d-R16-s0-C6-b8,,cache,baseline,loas,16,resnet19_T4_n5,layer_16_layer3_0_conv2,0,16384,8,256,32,524288,16,8192,512,64,4,16,1,split_cin,32,16,20,20,12,1,next_burst,4,0,1,8,0,24,8,1,1,1,non_inclusive,lru,1243057,123108,1119949,1271001,1969728,0.645267,64,1312,0.048780,768560,49187840,0,0,663073,24168,0,17112639,23346,96982,17920208,17823226,46757506,28934280,0.618816,1968704,94473,697751,0,22405,1154075,0,0,0,0.402200,0.999480,0,0,0.110460,68.108685,2,3,5,14,17,20,42,0,9021469,7.257486,5.525288,1842,2854
R16,1,C5,2,w5d-R16-s1-C5-b2,,cache,baseline,loas,16,resnet19_T4_n5,layer_16_layer3_0_conv2,1,16384,8,1024,128,524288,16,32768,2048,16,1,16,1,split_cin,128,16,20,20,12,1,next_burst,4,0,1,8,0,24,2,1,1,1,non_inclusive,lru,2480010,125280,2354730,666084,2004480,0.332298,256,1280,0.200000,1515584,24249344,0,0,275706,21815,0,37246573,20880,111730,37676704,37564974,192780927,155215953,0.805142,2003456,601108,1337372,0,64976,0,0,0,0,0.967074,0.999489,0,0,0.000000,32.049713,4,5,5,15,16,20,59,0,12885078,5.195575,8.161794,1875,2873
R16,1,C5,4,w5d-R16-s1-C5-b4,,cache,baseline,loas,16,resnet19_T4_n5,layer_16_layer3_0_conv2,1,16384,8,1024,128,524288,16,32768,2048,16,1,16,1,split_cin,128,16,20,20,12,1,next_burst,4,0,1,8,0,24,4,1,1,1,non_inclusive,lru,2434508,125280,2309228,647952,2004480,0.323252,256,1464,0.174863,1515584,24249344,0,0,280726,37893,0,36532282,13068,84703,36948672,36863969,189415014,152551045,0.805380,2003456,582976,1355504,0,64976,0,0,0,0,0.967074,0.999489,0,0,0.000000,64.967816,4,5,5,15,16,20,60,0,12900967,5.299209,8.099797,1875,2873
R16,1,C5,8,w5d-R16-s1-C5-b8,,cache,baseline,loas,16,resnet19_T4_n5,layer_16_layer3_0_conv2,1,16384,8,1024,128,524288,16,32768,2048,16,1,16,1,split_cin,128,16,20,20,12,1,next_burst,4,0,1,8,0,24,8,1,1,1,non_inclusive,lru,2429914,125280,2304634,622983,2004480,0.310795,256,1498,0.170895,1515584,24249344,0,0,272116,42827,0,36476698,11676,71851,36875168,36803317,189126078,152322761,0.805403,2003456,558007,1380473,0,64976,0,0,0,0,0.967074,0.999489,0,0,0.000000,132.327299,4,5,5,15,16,20,60,0,12901880,5.309604,8.213364,1875,2873
R16,1,C6,2,w5d-R16-s1-C6-b2,,cache,baseline,loas,16,resnet19_T4_n5,layer_16_layer3_0_conv2,1,16384,8,256,32,524288,16,8192,512,64,4,16,1,split_cin,32,16,20,20,12,1,next_burst,4,0,1,8,0,24,2,1,1,1,non_inclusive,lru,1256429,125280,1131149,1324386,2004480,0.660713,64,1210,0.052893,769424,49243136,0,0,720685,16122,0,17229453,27262,105886,18099408,17993522,46295134,28301612,0.611330,2003456,112754,679118,0,24603,1186981,0,0,0,0.395051,0.999489,0,0,0.131510,16.285776,2,3,5,15,16,20,38,0,9130142,7.266739,5.660639,1875,2873
R16,1,C6,4,w5d-R16-s1-C6-b4,,cache,baseline,loas,16,resnet19_T4_n5,layer_16_layer3_0_conv2,1,16384,8,256,32,524288,16,8192,512,64,4,16,1,split_cin,32,16,20,20,12,1,next_burst,4,0,1,8,0,24,4,1,1,1,non_inclusive,lru,1246268,125280,1120988,1315063,2004480,0.656062,64,1292,0.049536,769424,49243136,0,0,707033,22760,0,17076315,24034,106690,17936832,17830142,45839424,28009282,0.611030,2003456,103431,688441,0,22960,1188624,0,0,0,0.395051,0.999489,0,0,0.131510,33.018056,2,3,5,15,16,20,42,0,9128526,7.324689,5.750509,1875,2873
R16,1,C6,8,w5d-R16-s1-C6-b8,,cache,baseline,loas,16,resnet19_T4_n5,layer_16_layer3_0_conv2,1,16384,8,256,32,524288,16,8192,512,64,4,16,1,split_cin,32,16,20,20,12,1,next_burst,4,0,1,8,0,24,8,1,1,1,non_inclusive,lru,1244769,125280,1119489,1310888,2004480,0.653979,64,1292,0.049536,769424,49243136,0,0,701032,22760,0,17062129,24034,102893,17912848,17809955,45800971,27991016,0.611145,2003456,99256,692616,0,22982,1188602,0,0,0,0.395051,0.999489,0,0,0.131510,66.436015,2,3,5,14,17,20,42,0,9127501,7.332687,5.727977,1875,2873
R16,2,C5,2,w5d-R16-s2-C5-b2,,cache,baseline,loas,16,resnet19_T4_n5,layer_16_layer3_0_conv2,2,16384,8,1024,128,524288,16,32768,2048,16,1,16,1,split_cin,128,16,20,20,12,1,next_burst,4,0,1,8,0,24,2,1,1,1,non_inclusive,lru,2509635,126572,2383063,668353,2025152,0.330026,112,1262,0.088748,1535856,24573696,0,0,276575,24061,0,37698485,23542,107369,38130032,38022663,195171635,157148972,0.805183,2024128,603009,1355823,0,65296,0,0,0,0,0.967252,0.999494,0,0,0.000000,32.158748,4,5,5,15,16,20,58,0,13019505,5.187808,7.731640,1904,2925
R16,2,C5,4,w5d-R16-s2-C5-b4,,cache,baseline,loas,16,resnet19_T4_n5,layer_16_layer3_0_conv2,2,16384,8,1024,128,524288,16,32768,2048,16,1,16,1,split_cin,128,16,20,20,12,1,next_burst,4,0,1,8,0,24,4,1,1,1,non_inclusive,lru,2465700,126572,2339128,659016,2025152,0.325416,112,1433,0.078158,1535856,24573696,0,0,285384,37803,0,36995961,16401,91523,37427072,37335549,191891426,154555877,0.805434,2024128,593672,1365160,0,65296,0,0,0,0,0.967252,0.999494,0,0,0.000000,64.760105,4,5,5,15,16,20,60,0,13040230,5.288652,7.461023,1904,2925
R16,2,C5,8,w5d-R16-s2-C5-b8,,cache,baseline,loas,16,resnet19_T4_n5,layer_16_layer3_0_conv2,2,16384,8,1024,128,524288,16,32768,2048,16,1,16,1,split_cin,128,16,20,20,12,1,next_burst,4,0,1,8,0,24,8,1,1,1,non_inclusive,lru,2462122,126572,2335550,631035,2025152,0.311599,112,1484,0.075472,1535856,24573696,0,0,279497,47747,0,36953767,14279,74534,37369824,37295290,191695207,154399917,0.805445,2024128,565691,1393141,0,65296,0,0,0,0,0.967252,0.999494,0,0,0.000000,132.173024,4,5,5,15,16,20,60,0,13041719,5.296943,7.684838,1904,2925
R16,2,C6,2,w5d-R16-s2-C6-b2,,cache,baseline,loas,16,resnet19_T4_n5,layer_16_layer3_0_conv2,2,16384,8,256,32,524288,16,8192,512,64,4,16,1,split_cin,32,16,20,20,12,1,next_burst,4,0,1,8,0,24,2,1,1,1,non_inclusive,lru,1265013,126572,1138441,1342693,2025152,0.663009,64,1233,0.051906,774688,49580032,0,0,737474,17813,0,17333749,26648,100396,18216080,18115684,46400166,28284482,0.609577,2024128,115781,681483,0,23048,1203816,0,0,0,0.393681,0.999494,0,0,0.139540,16.175592,2,3,5,15,16,20,39,0,9214338,7.283987,5.075969,1904,2925
R16,2,C6,4,w5d-R16-s2-C6-b4,,cache,baseline,loas,16,resnet19_T4_n5,layer_16_layer3_0_conv2,2,16384,8,256,32,524288,16,8192,512,64,4,16,1,split_cin,32,16,20,20,12,1,next_burst,4,0,1,8,0,24,4,1,1,1,non_inclusive,lru,1254808,126572,1128236,1325801,2025152,0.654667,64,1292,0.049536,774688,49580032,0,0,713005,22480,0,17185544,24111,107660,18052800,17945140,45905976,27960836,0.609089,2024128,98889,698375,0,21248,1205616,0,0,0,0.393681,0.999494,0,0,0.139540,33.151929,2,3,5,15,16,20,39,0,9212851,7.342040,4.693261,1904,2925
R16,2,C6,8,w5d-R16-s2-C6-b8,,cache,baseline,loas,16,resnet19_T4_n5,layer_16_layer3_0_conv2,2,16384,8,256,32,524288,16,8192,512,64,4,16,1,split_cin,32,16,20,20,12,1,next_burst,4,0,1,8,0,24,8,1,1,1,non_inclusive,lru,1253276,126572,1126704,1318776,2025152,0.651199,64,1292,0.049536,774688,49580032,0,0,702004,22480,0,17174340,24111,105353,18028288,17922935,45851031,27928096,0.609105,2024128,91864,705400,0,21742,1205122,0,0,0,0.393681,0.999494,0,0,0.139540,66.969883,2,3,5,14,17,20,40,0,9210668,7.349273,5.434778,1904,2925
R16,3,C5,2,w5d-R16-s3-C5-b2,,cache,baseline,loas,16,resnet19_T4_n5,layer_16_layer3_0_conv2,3,16384,8,1024,128,524288,16,32768,2048,16,1,16,1,split_cin,128,16,20,20,12,1,next_burst,4,0,1,8,0,24,2,1,1,1,non_inclusive,lru,2517246,126012,2391234,659570,2016192,0.327137,304,1218,0.249589,1538112,24609792,0,0,265635,15560,0,37845917,21312,112344,38260768,38148424,196155243,158006819,0.805519,2015168,598354,1355598,0,61216,0,0,0,0,0.969130,0.999492,0,0,0.000000,32.297448,4,5,5,15,16,20,57,0,12991913,5.161161,6.503106,1914,2968
R16,3,C5,4,w5d-R16-s3-C5-b4,,cache,baseline,loas,16,resnet19_T4_n5,layer_16_layer3_0_conv2,3,16384,8,1024,128,524288,16,32768,2048,16,1,16,1,split_cin,128,16,20,20,12,1,next_burst,4,0,1,8,0,24,4,1,1,1,non_inclusive,lru,2469920,126012,2343908,640754,2016192,0.317804,304,1388,0.219020,1538112,24609792,0,0,275423,29665,0,37091487,14304,92673,37503552,37410879,192635352,155224473,0.805794,2015168,579538,1374414,0,61216,0,0,0,0,0.969130,0.999492,0,0,0.000000,65.490810,4,5,5,15,16,20,60,0,13008933,5.266945,6.559374,1914,2968
R16,3,C5,8,w5d-R16-s3-C5-b8,,cache,baseline,loas,16,resnet19_T4_n5,layer_16_layer3_0_conv2,3,16384,8,1024,128,524288,16,32768,2048,16,1,16,1,split_cin,128,16,20,20,12,1,next_burst,4,0,1,8,0,24,8,1,1,1,non_inclusive,lru,2466116,126012,2340104,613833,2016192,0.304452,304,1451,0.209511,1538112,24609792,0,0,264566,39148,0,37042825,11694,84455,37442688,37358233,192378393,155020160,0.805809,2015168,552617,1401335,0,61216,0,0,0,0,0.969130,0.999492,0,0,0.000000,133.545281,4,5,5,15,16,20,60,0,13010869,5.275854,6.440623,1914,2968
R16,3,C6,2,w5d-R16-s3-C6-b2,,cache,baseline,loas,16,resnet19_T4_n5,layer_16_layer3_0_conv2,3,16384,8,256,32,524288,16,8192,512,64,4,16,1,split_cin,32,16,20,20,12,1,next_burst,4,0,1,8,0,24,2,1,1,1,non_inclusive,lru,1255188,126012,1129176,1334941,2016192,0.662110,0,1330,0.000000,768528,49185792,0,0,735131,21178,0,17176490,29134,105907,18067840,17961933,46682642,28720709,0.615233,2015168,112621,680227,0,25759,1196561,0,0,0,0.393240,0.999492,0,0,0.101128,16.218717,2,3,5,15,16,20,45,0,9165523,7.302112,5.111650,1914,2968
R16,3,C6,4,w5d-R16-s3-C6-b4,,cache,baseline,loas,16,resnet19_T4_n5,layer_16_layer3_0_conv2,3,16384,8,256,32,524288,16,8192,512,64,4,16,1,split_cin,32,16,20,20,12,1,next_burst,4,0,1,8,0,24,4,1,1,1,non_inclusive,lru,1244029,126012,1118017,1323184,2016192,0.656279,0,1364,0.000000,768528,49185792,0,0,719992,24524,0,17017205,27638,99937,17889296,17789359,46242447,28453088,0.615302,2015168,100864,691984,0,24087,1198233,0,0,0,0.393240,0.999492,0,0,0.101128,32.997238,2,3,5,15,16,20,44,0,9164996,7.367188,4.869032,1914,2968
R16,3,C6,8,w5d-R16-s3-C6-b8,,cache,baseline,loas,16,resnet19_T4_n5,layer_16_layer3_0_conv2,3,16384,8,256,32,524288,16,8192,512,64,4,16,1,split_cin,32,16,20,20,12,1,next_burst,4,0,1,8,0,24,8,1,1,1,non_inclusive,lru,1242697,126012,1116685,1318104,2016192,0.653759,0,1364,0.000000,768528,49185792,0,0,712412,24524,0,16998785,27638,104625,17867984,17763359,46170282,28406923,0.615264,2015168,95784,697064,0,25519,1196801,0,0,0,0.393240,0.999492,0,0,0.101128,66.478240,2,3,5,14,17,20,46,0,9159436,7.370611,4.683064,1914,2968
R16,4,C5,2,w5d-R16-s4-C5-b2,,cache,baseline,loas,16,resnet19_T4_n5,layer_16_layer3_0_conv2,4,16384,8,1024,128,524288,16,32768,2048,16,1,16,1,split_cin,128,16,20,20,12,1,next_burst,4,0,1,8,0,24,2,1,1,1,non_inclusive,lru,2457708,123756,2333952,643485,1980096,0.324977,64,1206,0.053068,1501232,24019712,0,0,263274,20719,0,36925245,22618,112400,37344256,37231856,191312777,154080921,0.805388,1979072,580605,1335699,0,62768,0,0,0,0,0.967783,0.999483,0,0,0.000000,32.401120,4,5,5,15,16,20,57,0,12734831,5.181588,6.050592,1882,2891
R16,4,C5,4,w5d-R16-s4-C5-b4,,cache,baseline,loas,16,resnet19_T4_n5,layer_16_layer3_0_conv2,4,16384,8,1024,128,524288,16,32768,2048,16,1,16,1,split_cin,128,16,20,20,12,1,next_burst,4,0,1,8,0,24,4,1,1,1,non_inclusive,lru,2409968,123756,2286212,625775,1980096,0.316033,64,1357,0.047163,1501232,24019712,0,0,269608,35886,0,36174035,16198,84689,36580416,36495727,187799639,151303912,0.805667,1979072,562895,1353409,0,62768,0,0,0,0,0.967783,0.999483,0,0,0.000000,65.660865,4,5,5,15,16,20,60,0,12755300,5.292726,5.691970,1882,2891
R16,4,C5,8,w5d-R16-s4-C5-b8,,cache,baseline,loas,16,resnet19_T4_n5,layer_16_layer3_0_conv2,4,16384,8,1024,128,524288,16,32768,2048,16,1,16,1,split_cin,128,16,20,20,12,1,next_burst,4,0,1,8,0,24,8,1,1,1,non_inclusive,lru,2406334,123756,2282578,605650,1980096,0.305869,64,1423,0.044975,1501232,24019712,0,0,265296,49103,0,36117060,13528,77285,36522272,36444987,187555936,151110949,0.805685,1979072,542770,1373534,0,62768,0,0,0,0,0.967783,0.999483,0,0,0.000000,133.273150,4,5,5,14,17,20,60,0,12755701,5.300885,5.956944,1882,2891
R16,4,C6,2,w5d-R16-s4-C6-b2,,cache,baseline,loas,16,resnet19_T4_n5,layer_16_layer3_0_conv2,4,16384,8,256,32,524288,16,8192,512,64,4,16,1,split_cin,32,16,20,20,12,1,next_burst,4,0,1,8,0,24,2,1,1,1,non_inclusive,lru,1232570,123756,1108814,1309288,1980096,0.661225,64,1269,0.050433,755152,48329728,0,0,713991,20464,0,16873456,25428,108709,17742048,17633339,45399900,27766561,0.611600,1979072,108664,669832,0,23681,1176895,0,0,0,0.393161,0.999483,0,0,0.122502,16.261224,2,3,5,15,16,20,50,0,9002340,7.303715,3.092918,1882,2891
R16,4,C6,4,w5d-R16-s4-C6-b4,,cache,baseline,loas,16,resnet19_T4_n5,layer_16_layer3_0_conv2,4,16384,8,256,32,524288,16,8192,512,64,4,16,1,split_cin,32,16,20,20,12,1,next_burst,4,0,1,8,0,24,4,1,1,1,non_inclusive,lru,1222628,123756,1098872,1296093,1980096,0.654561,64,1281,0.049961,755152,48329728,0,0,696006,21434,0,16737702,24880,102954,17582976,17480022,44993303,27513281,0.611497,1979072,95469,683027,0,21937,1178639,0,0,0,0.393161,0.999483,0,0,0.122502,33.162174,2,3,5,15,16,20,50,0,9000656,7.361729,3.296583,1882,2891
R16,4,C6,8,w5d-R16-s4-C6-b8,,cache,baseline,loas,16,resnet19_T4_n5,layer_16_layer3_0_conv2,4,16384,8,256,32,524288,16,8192,512,64,4,16,1,split_cin,32,16,20,20,12,1,next_burst,4,0,1,8,0,24,8,1,1,1,non_inclusive,lru,1221753,123756,1097997,1292031,1980096,0.652509,64,1281,0.049961,755152,48329728,0,0,689014,21434,0,16720544,24880,113104,17568976,17455872,44911468,27455596,0.611327,1979072,91407,687089,0,21934,1178642,0,0,0,0.393161,0.999483,0,0,0.122502,66.718220,2,3,5,14,17,20,50,0,8998193,7.364985,3.341125,1882,2891
R9,0,C5,2,w5d-R9-s0-C5-b2,,cache,baseline,loas,16,resnet19_T4_n5,layer_09_layer2_0_conv2,0,16384,8,1024,128,524288,16,32768,2048,16,1,16,1,split_cin,128,16,20,20,12,1,next_burst,4,0,1,8,0,24,2,1,1,1,non_inclusive,lru,504354,86384,417970,841684,1382144,0.608970,944,1040,0.907692,18424,294784,0,0,501546,0,0,6039384,3756,144882,6689568,6544686,27994231,21449545,0.766213,1380096,334996,539420,0,505680,0,0,0,0,0.632652,0.998518,0,0,0.000000,18.769448,3,4,5,7,13,20,49,0,5921961,11.741675,3.711026,737,902
R9,0,C5,4,w5d-R9-s0-C5-b4,,cache,baseline,loas,16,resnet19_T4_n5,layer_09_layer2_0_conv2,0,16384,8,1024,128,524288,16,32768,2048,16,1,16,1,split_cin,128,16,20,20,12,1,next_burst,4,0,1,8,0,24,4,1,1,1,non_inclusive,lru,318048,86384,231664,916188,1382144,0.662874,944,1058,0.892250,18424,294784,0,0,593225,1296,0,2963776,3174,147201,3708672,3561471,16663499,13102028,0.786271,1380096,409500,464916,0,505680,0,0,0,0,0.632652,0.998518,0,0,0.000000,32.364049,2,4,5,8,14,20,44,0,5922371,18.620997,3.877061,737,902
R9,0,C5,8,w5d-R9-s0-C5-b8,,cache,baseline,loas,16,resnet19_T4_n5,layer_09_layer2_0_conv2,0,16384,8,1024,128,524288,16,32768,2048,16,1,16,1,split_cin,128,16,20,20,12,1,next_burst,4,0,1,8,0,24,8,1,1,1,non_inclusive,lru,247691,86384,161307,873267,1382144,0.631821,944,1058,0.892250,18424,294784,0,0,565402,1296,0,1890580,3174,122508,2582960,2460452,12433554,9973102,0.802112,1380096,366579,507837,0,505680,0,0,0,0,0.632652,0.998518,0,0,0.000000,70.690452,3,4,5,9,15,20,44,0,5922481,23.910764,4.188619,737,902
R9,0,C6,2,w5d-R9-s0-C6-b2,,cache,baseline,loas,16,resnet19_T4_n5,layer_09_layer2_0_conv2,0,16384,8,256,32,524288,16,8192,512,64,4,16,1,split_cin,32,16,20,20,12,1,next_burst,4,0,1,8,0,24,2,1,1,1,non_inclusive,lru,414796,86384,328412,905984,1382144,0.655492,1808,1872,0.965812,4608,294912,0,0,519566,0,0,4639375,2496,95203,5256640,5161437,19726770,14565333,0.738354,1380096,295664,474288,0,93665,516479,0,0,0,0.557071,0.998518,0,0,0.000434,16.536396,2,4,5,9,15,20,35,0,5697595,13.735897,3.670777,737,902
R9,0,C6,4,w5d-R9-s0-C6-b4,,cache,baseline,loas,16,resnet19_T4_n5,layer_09_layer2_0_conv2,0,16384,8,256,32,524288,16,8192,512,64,4,16,1,split_cin,32,16,20,20,12,1,next_burst,4,0,1,8,0,24,4,1,1,1,non_inclusive,lru,241620,86384,155236,938957,1382144,0.679348,1808,1888,0.957627,4608,294912,0,0,592520,1128,0,1783797,1936,106443,2485824,2379381,10773903,8394522,0.779153,1380096,328637,441315,0,79112,531032,0,0,0,0.557071,0.998518,0,0,0.000434,30.782575,2,4,5,11,14,20,38,0,5697747,23.581438,3.399541,737,902
R9,0,C6,8,w5d-R9-s0-C6-b8,,cache,baseline,loas,16,resnet19_T4_n5,layer_09_layer2_0_conv2,0,16384,8,256,32,524288,16,8192,512,64,4,16,1,split_cin,32,16,20,20,12,1,next_burst,4,0,1,8,0,24,8,1,1,1,non_inclusive,lru,193810,86384,107426,719104,1382144,0.520282,1808,1888,0.957627,4608,294912,0,0,312311,1128,0,1317563,1936,87926,1720864,1632938,8309244,6676306,0.803479,1380096,108784,661168,0,63339,546805,0,0,0,0.557071,0.998518,0,0,0.000434,92.105946,2,4,5,11,14,20,38,0,5697872,29.399267,3.255451,737,902
R9,1,C5,2,w5d-R9-s1-C5-b2,,cache,baseline,loas,16,resnet19_T4_n5,layer_09_layer2_0_conv2,1,16384,8,1024,128,524288,16,32768,2048,16,1,16,1,split_cin,128,16,20,20,12,1,next_burst,4,0,1,8,0,24,2,1,1,1,non_inclusive,lru,342292,66910,275382,699283,1070560,0.653194,1008,1104,0.913043,17272,276352,0,0,453152,0,0,3818936,3744,132328,4408160,4275832,17004906,12729074,0.748553,1068512,209891,370173,0,488448,0,0,0,0,0.541832,0.998087,0,0,0.000000,16.646705,2,4,5,6,13,20,48,0,4395668,12.841866,2.838507,542,768
R9,1,C5,4,w5d-R9-s1-C5-b4,,cache,baseline,loas,16,resnet19_T4_n5,layer_09_layer2_0_conv2,1,16384,8,1024,128,524288,16,32768,2048,16,1,16,1,split_cin,128,16,20,20,12,1,next_burst,4,0,1,8,0,24,4,1,1,1,non_inclusive,lru,228279,66910,161369,735343,1070560,0.686877,1008,1120,0.900000,17272,276352,0,0,497126,1160,0,1954502,3224,127940,2583952,2456012,10610089,8154077,0.768521,1068512,245951,334113,0,488448,0,0,0,0,0.541832,0.998087,0,0,0.000000,30.059812,2,4,5,8,14,20,44,0,4396200,19.258013,2.634381,542,768
R9,1,C5,8,w5d-R9-s1-C5-b8,,cache,baseline,loas,16,resnet19_T4_n5,layer_09_layer2_0_conv2,1,16384,8,1024,128,524288,16,32768,2048,16,1,16,1,split_cin,128,16,20,20,12,1,next_burst,4,0,1,8,0,24,8,1,1,1,non_inclusive,lru,190914,66910,124004,700205,1070560,0.654055,1008,1128,0.893617,17272,276352,0,0,467758,1824,0,1418413,2864,95253,1986112,1890859,8608454,6717595,0.780349,1068512,210813,369251,0,488448,0,0,0,0,0.541832,0.998087,0,0,0.000000,66.421462,2,4,5,8,14,20,47,0,4396494,23.028662,2.759066,542,768
R9,1,C6,2,w5d-R9-s1-C6-b2,,cache,baseline,loas,16,resnet19_T4_n5,layer_09_layer2_0_conv2,1,16384,8,256,32,524288,16,8192,512,64,4,16,1,split_cin,32,16,20,20,12,1,next_burst,4,0,1,8,0,24,2,1,1,1,non_inclusive,lru,362884,66910,295974,675826,1070560,0.631283,1936,2000,0.968000,4608,294912,0,0,380571,0,0,4274367,2496,80198,4737632,4657434,18949305,14291871,0.754216,1068512,264290,392734,0,114342,297146,0,0,0,0.613720,0.998087,0,0,0.062934,17.698431,2,4,5,9,13,20,44,0,4537248,12.503301,2.940710,542,768
R9,1,C6,4,w5d-R9-s1-C6-b4,,cache,baseline,loas,16,resnet19_T4_n5,layer_09_layer2_0_conv2,1,16384,8,256,32,524288,16,8192,512,64,4,16,1,split_cin,32,16,20,20,12,1,next_burst,4,0,1,8,0,24,4,1,1,1,non_inclusive,lru,212679,66910,145769,726946,1070560,0.679033,1936,2016,0.960317,4608,294912,0,0,468642,1128,0,1763588,1936,99058,2334352,2235294,10406276,8170982,0.785198,1068512,315410,341614,0,107321,304167,0,0,0,0.613720,0.998087,0,0,0.062934,30.812793,2,4,5,11,13,20,41,0,4537340,21.334217,2.792462,542,768
R9,1,C6,8,w5d-R9-s1-C6-b8,,cache,baseline,loas,16,resnet19_T4_n5,layer_09_layer2_0_conv2,1,16384,8,256,32,524288,16,8192,512,64,4,16,1,split_cin,32,16,20,20,12,1,next_burst,4,0,1,8,0,24,8,1,1,1,non_inclusive,lru,159531,66910,92621,584989,1070560,0.546433,1936,2016,0.960317,4608,294912,0,0,311968,1128,0,1079617,1936,89335,1483984,1394649,7450107,6055458,0.812801,1068512,173453,483571,0,90944,320544,0,0,0,0.613720,0.998087,0,0,0.062934,87.084920,2,4,5,11,13,20,42,0,4537314,28.441582,2.913501,542,768
R9,2,C5,2,w5d-R9-s2-C5-b2,,cache,baseline,loas,16,resnet19_T4_n5,layer_09_layer2_0_conv2,2,16384,8,1024,128,524288,16,32768,2048,16,1,16,1,split_cin,128,16,20,20,12,1,next_burst,4,0,1,8,0,24,2,1,1,1,non_inclusive,lru,358131,68358,289773,702342,1093728,0.642154,928,1024,0.906250,16368,261888,0,0,447446,0,0,4049123,3744,138103,4638416,4500313,18113677,13613364,0.751552,1091680,219174,390362,0,482144,0,0,0,0,0.557301,0.998128,0,0,0.000000,17.176600,2,4,5,5,12,20,47,0,4525506,12.636454,2.384891,600,738
R9,2,C5,4,w5d-R9-s2-C5-b4,,cache,baseline,loas,16,resnet19_T4_n5,layer_09_layer2_0_conv2,2,16384,8,1024,128,524288,16,32768,2048,16,1,16,1,split_cin,128,16,20,20,12,1,next_burst,4,0,1,8,0,24,4,1,1,1,non_inclusive,lru,237090,68358,168732,740235,1093728,0.676800,928,1032,0.899225,16368,261888,0,0,493849,640,0,2067503,3496,136272,2701760,2565488,11213734,8648246,0.771219,1091680,257067,352469,0,482144,0,0,0,0,0.557301,0.998128,0,0,0.000000,31.027210,2,4,5,6,13,20,45,0,4525880,19.089291,2.904498,600,738
R9,2,C5,8,w5d-R9-s2-C5-b8,,cache,baseline,loas,16,resnet19_T4_n5,layer_09_layer2_0_conv2,2,16384,8,1024,128,524288,16,32768,2048,16,1,16,1,split_cin,128,16,20,20,12,1,next_burst,4,0,1,8,0,24,8,1,1,1,non_inclusive,lru,196947,68358,128589,711029,1093728,0.650097,928,1040,0.892308,16368,261888,0,0,472264,1160,0,1482795,3224,100029,2059472,1959443,9090816,7131373,0.784459,1091680,227861,381675,0,482144,0,0,0,0,0.557301,0.998128,0,0,0.000000,67.181427,2,4,5,7,13,20,44,0,4526068,22.981147,2.650659,600,738
R9,2,C6,2,w5d-R9-s2-C6-b2,,cache,baseline,loas,16,resnet19_T4_n5,layer_09_layer2_0_conv2,2,16384,8,256,32,524288,16,8192,512,64,4,16,1,split_cin,32,16,20,20,12,1,next_burst,4,0,1,8,0,24,2,1,1,1,non_inclusive,lru,367659,68358,299301,698234,1093728,0.638398,1936,2000,0.968000,4608,294912,0,0,392661,0,0,4306848,2496,88859,4790864,4702005,18798837,14096832,0.749878,1091680,263386,393494,0,123928,310872,0,0,0,0.600588,0.998128,0,0,0.111979,17.356886,2,4,5,9,13,20,38,0,4607118,12.530954,2.788452,600,738
R9,2,C6,4,w5d-R9-s2-C6-b4,,cache,baseline,loas,16,resnet19_T4_n5,layer_09_layer2_0_conv2,2,16384,8,256,32,524288,16,8192,512,64,4,16,1,split_cin,32,16,20,20,12,1,next_burst,4,0,1,8,0,24,4,1,1,1,non_inclusive,lru,213696,68358,145338,749864,1093728,0.685604,1936,2008,0.964143,4608,294912,0,0,481834,512,0,1739127,2248,103735,2327456,2223721,10254498,8030777,0.783147,1091680,315016,341864,0,113041,321759,0,0,0,0.600588,0.998128,0,0,0.111979,30.182042,2,4,5,11,13,20,39,0,4607276,21.559954,3.010281,600,738
R9,2,C6,8,w5d-R9-s2-C6-b8,,cache,baseline,loas,16,resnet19_T4_n5,layer_09_layer2_0_conv2,2,16384,8,256,32,524288,16,8192,512,64,4,16,1,split_cin,32,16,20,20,12,1,next_burst,4,0,1,8,0,24,8,1,1,1,non_inclusive,lru,161001,68358,92643,595378,1093728,0.544357,1936,2008,0.964143,4608,294912,0,0,302899,512,0,1093548,2248,85129,1484336,1399207,7363726,5964519,0.809987,1091680,160530,496350,0,99058,335742,0,0,0,0.600588,0.998128,0,0,0.111979,87.483543,2,4,5,11,14,20,40,0,4607300,28.616592,3.042275,600,738
R9,3,C5,2,w5d-R9-s3-C5-b2,,cache,baseline,loas,16,resnet19_T4_n5,layer_09_layer2_0_conv2,3,16384,8,1024,128,524288,16,32768,2048,16,1,16,1,split_cin,128,16,20,20,12,1,next_burst,4,0,1,8,0,24,2,1,1,1,non_inclusive,lru,463042,78954,384088,768619,1263264,0.608439,1120,1232,0.909091,18320,293120,0,0,457018,0,0,5549933,4368,136137,6147456,6011319,25565137,19553818,0.764863,1261216,297115,493413,0,470688,0,0,0,0,0.625782,0.998379,0,0,0.000000,18.794931,3,5,5,8,13,20,47,0,5398902,11.659638,3.695998,630,844
R9,3,C5,4,w5d-R9-s3-C5-b4,,cache,baseline,loas,16,resnet19_T4_n5,layer_09_layer2_0_conv2,3,16384,8,1024,128,524288,16,32768,2048,16,1,16,1,split_cin,128,16,20,20,12,1,next_burst,4,0,1,8,0,24,4,1,1,1,non_inclusive,lru,292464,78954,213510,832951,1263264,0.659364,1120,1248,0.897436,18320,293120,0,0,537106,1160,0,2731786,3848,144308,3418208,3273900,15200868,11926968,0.784624,1261216,361447,429081,0,470688,0,0,0,0,0.625782,0.998379,0,0,0.000000,32.701041,2,4,5,9,15,20,44,0,5399160,18.460939,3.531459,630,844
R9,3,C5,8,w5d-R9-s3-C5-b8,,cache,baseline,loas,16,resnet19_T4_n5,layer_09_layer2_0_conv2,3,16384,8,1024,128,524288,16,32768,2048,16,1,16,1,split_cin,128,16,20,20,12,1,next_burst,4,0,1,8,0,24,8,1,1,1,non_inclusive,lru,226087,78954,147133,791686,1263264,0.626699,1120,1248,0.897436,18320,293120,0,0,508683,1168,0,1726436,3848,116041,2356176,2240135,11270568,9030433,0.801240,1261216,320182,470346,0,470688,0,0,0,0,0.625782,0.998379,0,0,0.000000,71.673835,3,4,5,9,15,20,44,0,5399670,23.883151,3.852915,630,844
R9,3,C6,2,w5d-R9-s3-C6-b2,,cache,baseline,loas,16,resnet19_T4_n5,layer_09_layer2_0_conv2,3,16384,8,256,32,524288,16,8192,512,64,4,16,1,split_cin,32,16,20,20,12,1,next_burst,4,0,1,8,0,24,2,1,1,1,non_inclusive,lru,402681,78954,323727,812862,1263264,0.643462,1808,1872,0.965812,4608,294912,0,0,459169,0,0,4629239,2496,90776,5181680,5090904,20265951,15175047,0.748795,1261216,294494,448530,0,96986,421206,0,0,0,0.588178,0.998379,0,0,0.006076,17.113838,2,4,5,10,17,20,38,0,5286492,13.128238,3.616277,630,844
R9,3,C6,4,w5d-R9-s3-C6-b4,,cache,baseline,loas,16,resnet19_T4_n5,layer_09_layer2_0_conv2,3,16384,8,256,32,524288,16,8192,512,64,4,16,1,split_cin,32,16,20,20,12,1,next_burst,4,0,1,8,0,24,4,1,1,1,non_inclusive,lru,235838,78954,156884,853526,1263264,0.675651,1808,1880,0.961702,4608,294912,0,0,539068,512,0,1867188,2248,103176,2512192,2409016,11124889,8715873,0.783457,1261216,335158,407866,0,81597,436595,0,0,0,0.588178,0.998379,0,0,0.006076,31.137472,2,4,5,11,17,20,44,0,5286660,22.416489,3.639237,630,844
R9,3,C6,8,w5d-R9-s3-C6-b8,,cache,baseline,loas,16,resnet19_T4_n5,layer_09_layer2_0_conv2,3,16384,8,256,32,524288,16,8192,512,64,4,16,1,split_cin,32,16,20,20,12,1,next_burst,4,0,1,8,0,24,8,1,1,1,non_inclusive,lru,180942,78954,101988,669974,1263264,0.530352,1808,1888,0.957627,4608,294912,0,0,320485,1128,0,1218761,1936,91546,1633856,1542310,8107379,6565069,0.809765,1261216,151606,591418,0,63906,454286,0,0,0,0.588178,0.998379,0,0,0.006076,90.172506,2,4,5,11,16,20,40,0,5287116,29.219949,3.527670,630,844
R9,4,C5,2,w5d-R9-s4-C5-b2,,cache,baseline,loas,16,resnet19_T4_n5,layer_09_layer2_0_conv2,4,16384,8,1024,128,524288,16,32768,2048,16,1,16,1,split_cin,128,16,20,20,12,1,next_burst,4,0,1,8,0,24,2,1,1,1,non_inclusive,lru,488572,85106,403466,831301,1361696,0.610489,832,960,0.866667,18216,291456,0,0,495696,0,0,5814088,5020,142700,6457504,6314804,27000280,20685476,0.766121,1359648,331861,529435,0,498352,0,0,0,0,0.632517,0.998496,0,0,0.000000,18.696508,3,4,5,7,13,20,48,0,5834338,11.941614,2.979937,735,966
R9,4,C5,4,w5d-R9-s4-C5-b4,,cache,baseline,loas,16,resnet19_T4_n5,layer_09_layer2_0_conv2,4,16384,8,1024,128,524288,16,32768,2048,16,1,16,1,split_cin,128,16,20,20,12,1,next_burst,4,0,1,8,0,24,4,1,1,1,non_inclusive,lru,307403,85106,222297,895904,1361696,0.657932,832,976,0.852459,18216,291456,0,0,576024,1192,0,2823388,4500,153696,3558800,3405104,16022744,12617640,0.787483,1359648,396464,464832,0,498352,0,0,0,0,0.632517,0.998496,0,0,0.000000,32.838484,2,4,5,9,14,20,45,0,5834726,18.980706,3.272489,735,966
R9,4,C5,8,w5d-R9-s4-C5-b8,,cache,baseline,loas,16,resnet19_T4_n5,layer_09_layer2_0_conv2,4,16384,8,1024,128,524288,16,32768,2048,16,1,16,1,split_cin,128,16,20,20,12,1,next_burst,4,0,1,8,0,24,8,1,1,1,non_inclusive,lru,239222,85106,154116,848170,1361696,0.622878,832,988,0.842105,18216,291456,0,0,541860,2080,0,1799712,4012,120240,2467904,2347664,12031323,9683659,0.804871,1359648,348730,512566,0,498352,0,0,0,0,0.632517,0.998496,0,0,0.000000,72.407492,3,4,5,10,15,20,47,0,5834925,24.391256,3.594947,735,966
R9,4,C6,2,w5d-R9-s4-C6-b2,,cache,baseline,loas,16,resnet19_T4_n5,layer_09_layer2_0_conv2,4,16384,8,256,32,524288,16,8192,512,64,4,16,1,split_cin,32,16,20,20,12,1,next_burst,4,0,1,8,0,24,2,1,1,1,non_inclusive,lru,415309,85106,330203,890403,1361696,0.653893,1776,1840,0.965217,4608,294912,0,0,512081,0,0,4681613,2496,89106,5285296,5196190,19918159,14721969,0.739123,1359648,294419,469453,0,95406,500370,0,0,0,0.560971,0.998496,0,0,0.011719,16.613153,2,4,5,9,16,20,41,0,5624106,13.541980,2.858299,735,966
R9,4,C6,4,w5d-R9-s4-C6-b4,,cache,baseline,loas,16,resnet19_T4_n5,layer_09_layer2_0_conv2,4,16384,8,256,32,524288,16,8192,512,64,4,16,1,split_cin,32,16,20,20,12,1,next_burst,4,0,1,8,0,24,4,1,1,1,non_inclusive,lru,240727,85106,155621,918483,1361696,0.674514,1776,1848,0.961039,4608,294912,0,0,574861,512,0,1805724,2248,108639,2491984,2383345,10803306,8419961,0.779387,1359648,322499,441373,0,75866,519910,0,0,0,0.560971,0.998496,0,0,0.011719,31.246657,2,4,5,11,13,20,42,0,5624822,23.365979,3.142395,735,966
R9,4,C6,8,w5d-R9-s4-C6-b8,,cache,baseline,loas,16,resnet19_T4_n5,layer_09_layer2_0_conv2,4,16384,8,256,32,524288,16,8192,512,64,4,16,1,split_cin,32,16,20,20,12,1,next_burst,4,0,1,8,0,24,8,1,1,1,non_inclusive,lru,191758,85106,106652,712160,1361696,0.522995,1776,1856,0.956897,4608,294912,0,0,317123,1128,0,1299039,1936,89254,1708480,1619226,8265091,6645865,0.804089,1359648,116176,647696,0,63172,532604,0,0,0,0.560971,0.998496,0,0,0.011719,91.584988,2,4,5,11,13,20,43,0,5624870,29.333170,3.030479,735,966
V8,0,C5,2,w5d-V8-s0-C5-b2,,cache,baseline,loas,16,vgg16_T4_n5,layer_08_features_27,0,16384,8,1024,128,524288,16,32768,2048,16,1,16,1,split_cin,128,16,20,20,12,1,next_burst,4,0,1,8,0,24,2,1,1,1,non_inclusive,lru,3845718,162352,3683366,544676,2597632,0.209682,0,2804,0.000000,2373152,37970432,0,0,163752,57452,0,58566304,52936,95460,58935904,58840444,289588794,230748350,0.796814,2595584,358116,2050908,0,186560,0,0,0,0,0.927392,0.999212,0,0,0.000000,37.935276,4,5,5,15,16,20,60,0,17356142,4.513108,10.339948,1226,1875
V8,0,C5,4,w5d-V8-s0-C5-b4,,cache,baseline,loas,16,vgg16_T4_n5,layer_08_features_27,0,16384,8,1024,128,524288,16,32768,2048,16,1,16,1,split_cin,128,16,20,20,12,1,next_burst,4,0,1,8,0,24,4,1,1,1,non_inclusive,lru,3806650,162352,3644298,557772,2597632,0.214723,0,3210,0.000000,2373152,37970432,0,0,176658,97304,0,57914288,35526,87040,58310816,58223776,286754996,228531220,0.796956,2595584,371212,2037812,0,186560,0,0,0,0,0.927392,0.999212,0,0,0.000000,75.386567,4,5,5,15,16,20,60,0,17356262,4.559458,9.872814,1226,1875
V8,0,C5,8,w5d-V8-s0-C5-b8,,cache,baseline,loas,16,vgg16_T4_n5,layer_08_features_27,0,16384,8,1024,128,524288,16,32768,2048,16,1,16,1,split_cin,128,16,20,20,12,1,next_burst,4,0,1,8,0,24,8,1,1,1,non_inclusive,lru,3802120,162352,3639768,523002,2597632,0.201338,0,3294,0.000000,2373152,37970432,0,0,162478,118464,0,57841672,32074,83648,58238336,58154688,286422290,228267602,0.796962,2595584,336442,2072582,0,186560,0,0,0,0,0.927392,0.999212,0,0,0.000000,153.343106,4,5,5,15,16,20,60,0,17356484,4.564949,10.712988,1226,1875
V8,0,C6,2,w5d-V8-s0-C6-b2,,cache,baseline,loas,16,vgg16_T4_n5,layer_08_features_27,0,16384,8,256,32,524288,16,8192,512,64,4,16,1,split_cin,32,16,20,20,12,1,next_burst,4,0,1,8,0,24,2,1,1,1,non_inclusive,lru,2282064,162352,2119712,1444132,2597632,0.555942,0,2490,0.000000,1412032,90370048,0,0,673046,37062,0,33038646,57214,111472,33917440,33805968,111733038,77927070,0.697440,2595584,258532,1151548,0,18970,1166534,0,0,0,0.542833,0.999212,0,0,0.104167,21.314797,2,4,5,15,16,20,54,0,13432574,5.886151,7.784604,1226,1875
V8,0,C6,4,w5d-V8-s0-C6-b4,,cache,baseline,loas,16,vgg16_T4_n5,layer_08_features_27,0,16384,8,256,32,524288,16,8192,512,64,4,16,1,split_cin,32,16,20,20,12,1,next_burst,4,0,1,8,0,24,4,1,1,1,non_inclusive,lru,2268722,162352,2106370,1410918,2597632,0.543155,0,2546,0.000000,1412032,90370048,0,0,638674,42120,0,32854020,54790,114364,33703968,33589604,111013718,77424114,0.697428,2595584,225318,1184762,0,19094,1166410,0,0,0,0.542833,0.999212,0,0,0.104167,43.857076,2,4,5,15,16,20,58,0,13432744,5.920842,8.306668,1226,1875
V8,0,C6,8,w5d-V8-s0-C6-b8,,cache,baseline,loas,16,vgg16_T4_n5,layer_08_features_27,0,16384,8,256,32,524288,16,8192,512,64,4,16,1,split_cin,32,16,20,20,12,1,next_burst,4,0,1,8,0,24,8,1,1,1,non_inclusive,lru,2266850,162352,2104498,1414516,2597632,0.544541,0,2546,0.000000,1412032,90370048,0,0,643970,42040,0,32813158,54790,120058,33674016,33553958,110767812,77213854,0.697078,2595584,228916,1181164,0,18816,1166688,0,0,0,0.542833,0.999212,0,0,0.104167,87.448211,2,4,5,14,17,20,59,0,13432394,5.925577,8.195472,1226,1875
V8,1,C5,2,w5d-V8-s1-C5-b2,,cache,baseline,loas,16,vgg16_T4_n5,layer_08_features_27,1,16384,8,1024,128,524288,16,32768,2048,16,1,16,1,split_cin,128,16,20,20,12,1,next_burst,4,0,1,8,0,24,2,1,1,1,non_inclusive,lru,3418968,148272,3270696,580682,2372352,0.244771,0,2452,0.000000,2104256,33668096,0,0,188350,45738,0,51922850,56212,120034,52333184,52213150,253636870,201423720,0.794142,2370304,362826,1789750,0,217728,0,0,0,0,0.907359,0.999137,0,0,0.000000,36.251012,4,5,5,15,16,20,57,0,15629368,4.571370,10.233454,1125,1696
V8,1,C5,4,w5d-V8-s1-C5-b4,,cache,baseline,loas,16,vgg16_T4_n5,layer_08_features_27,1,16384,8,1024,128,524288,16,32768,2048,16,1,16,1,split_cin,128,16,20,20,12,1,next_burst,4,0,1,8,0,24,4,1,1,1,non_inclusive,lru,3376622,148272,3228350,570518,2372352,0.240486,0,2780,0.000000,2104256,33668096,0,0,190410,70440,0,51241354,42618,110826,51655648,51544822,250619424,199074602,0.794330,2370304,352662,1799914,0,217728,0,0,0,0,0.907359,0.999137,0,0,0.000000,72.913321,4,5,5,15,16,20,60,0,15629474,4.628731,9.261363,1125,1696
V8,1,C5,8,w5d-V8-s1-C5-b8,,cache,baseline,loas,16,vgg16_T4_n5,layer_08_features_27,1,16384,8,1024,128,524288,16,32768,2048,16,1,16,1,split_cin,128,16,20,20,12,1,next_burst,4,0,1,8,0,24,8,1,1,1,non_inclusive,lru,3371820,148272,3223548,555232,2372352,0.234043,0,2964,0.000000,2104256,33668096,0,0,182752,87414,0,51166658,34890,107102,51578816,51471714,250326030,198854316,0.794381,2370304,337376,1815200,0,217728,0,0,0,0,0.907359,0.999137,0,0,0.000000,147.063775,4,5,5,15,16,20,60,0,15629648,4.635374,9.367655,1125,1696
V8,1,C6,2,w5d-V8-s1-C6-b2,,cache,baseline,loas,16,vgg16_T4_n5,layer_08_features_27,1,16384,8,256,32,524288,16,8192,512,64,4,16,1,split_cin,32,16,20,20,12,1,next_burst,4,0,1,8,0,24,2,1,1,1,non_inclusive,lru,2226866,148272,2078594,1247318,2372352,0.525773,0,2424,0.000000,1377664,88170496,0,0,543970,32504,0,32510654,59680,112744,33259552,33146808,113763228,80616420,0.708633,2370304,252630,1123082,0,17820,976772,0,0,0,0.579894,0.999137,0,0,0.222850,22.762909,2,4,5,15,16,20,55,0,12620824,5.667527,7.280226,1125,1696
V8,1,C6,4,w5d-V8-s1-C6-b4,,cache,baseline,loas,16,vgg16_T4_n5,layer_08_features_27,1,16384,8,256,32,524288,16,8192,512,64,4,16,1,split_cin,32,16,20,20,12,1,next_burst,4,0,1,8,0,24,4,1,1,1,non_inclusive,lru,2212934,148272,2064662,1211240,2372352,0.510565,0,2802,0.000000,1377664,88170496,0,0,509306,65562,0,32308180,44134,109458,33036640,32927182,113061928,80134746,0.708769,2370304,216552,1159160,0,17484,977108,0,0,0,0.579894,0.999137,0,0,0.222850,46.985756,2,4,5,15,16,20,56,0,12620998,5.703287,7.461831,1125,1696
V8,1,C6,8,w5d-V8-s1-C6-b8,,cache,baseline,loas,16,vgg16_T4_n5,layer_08_features_27,1,16384,8,256,32,524288,16,8192,512,64,4,16,1,split_cin,32,16,20,20,12,1,next_burst,4,0,1,8,0,24,8,1,1,1,non_inclusive,lru,2211038,148272,2062766,1209128,2372352,0.509675,0,2802,0.000000,1377664,88170496,0,0,508848,65562,0,32278370,44134,109390,33006304,32896914,112910182,80013268,0.708645,2370304,214440,1161272,0,17222,977370,0,0,0,0.579894,0.999137,0,0,0.222850,94.142441,2,4,5,14,17,20,58,0,12621042,5.708198,7.412419,1125,1696
V8,2,C5,2,w5d-V8-s2-C5-b2,,cache,baseline,loas,16,vgg16_T4_n5,layer_08_features_27,2,16384,8,1024,128,524288,16,32768,2048,16,1,16,1,split_cin,128,16,20,20,12,1,next_burst,4,0,1,8,0,24,2,1,1,1,non_inclusive,lru,3287146,146200,3140946,619688,2339200,0.264915,0,2580,0.000000,2020288,32324608,0,0,206968,45658,0,49838504,61180,104874,50257184,50152310,239010842,188858532,0.790167,2337152,351944,1717464,0,267744,0,0,0,0,0.884665,0.999124,0,0,0.000000,35.284104,4,5,5,15,16,20,60,0,15194722,4.622466,9.668415,1089,1666
V8,2,C5,4,w5d-V8-s2-C5-b4,,cache,baseline,loas,16,vgg16_T4_n5,layer_08_features_27,2,16384,8,1024,128,524288,16,32768,2048,16,1,16,1,split_cin,128,16,20,20,12,1,next_burst,4,0,1,8,0,24,4,1,1,1,non_inclusive,lru,3243038,146200,3096838,607206,2339200,0.259578,0,3080,0.000000,2020288,32324608,0,0,207020,85718,0,49125542,41090,92086,49551456,49459370,235936056,186476686,0.790370,2337152,339462,1729946,0,267744,0,0,0,0,0.884665,0.999124,0,0,0.000000,71.080465,4,5,5,15,16,20,60,0,15194386,4.685232,9.466856,1089,1666
V8,2,C5,8,w5d-V8-s2-C5-b8,,cache,baseline,loas,16,vgg16_T4_n5,layer_08_features_27,2,16384,8,1024,128,524288,16,32768,2048,16,1,16,1,split_cin,128,16,20,20,12,1,next_burst,4,0,1,8,0,24,8,1,1,1,non_inclusive,lru,3237660,146200,3091460,575932,2339200,0.246209,0,3234,0.000000,2020288,32324608,0,0,196164,107512,0,49035988,34522,91222,49465408,49374186,235525118,186150932,0.790366,2337152,308188,1761220,0,267744,0,0,0,0,0.884665,0.999124,0,0,0.000000,144.727880,4,5,5,15,16,20,60,0,15194538,4.693062,9.211480,1089,1666
V8,2,C6,2,w5d-V8-s2-C6-b2,,cache,baseline,loas,16,vgg16_T4_n5,layer_08_features_27,2,16384,8,256,32,524288,16,8192,512,64,4,16,1,split_cin,32,16,20,20,12,1,next_burst,4,0,1,8,0,24,2,1,1,1,non_inclusive,lru,2198290,146200,2052090,1228202,2339200,0.525052,0,2554,0.000000,1360192,87052288,0,0,527034,41398,0,32104126,54614,108316,32835488,32727172,112878138,80150966,0.710066,2337152,249194,1109046,0,15202,963710,0,0,0,0.580643,0.999124,0,0,0.208007,22.797497,2,4,5,15,16,20,55,0,12451234,5.664054,7.347312,1089,1666
V8,2,C6,4,w5d-V8-s2-C6-b4,,cache,baseline,loas,16,vgg16_T4_n5,layer_08_features_27,2,16384,8,256,32,524288,16,8192,512,64,4,16,1,split_cin,32,16,20,20,12,1,next_burst,4,0,1,8,0,24,4,1,1,1,non_inclusive,lru,2185130,146200,2038930,1195604,2339200,0.511117,0,2690,0.000000,1360192,87052288,0,0,491770,55216,0,31922384,48758,106800,32624928,32518128,112163820,79645692,0.710084,2337152,216596,1141644,0,14852,964060,0,0,0,0.580643,0.999124,0,0,0.208007,46.932804,3,4,5,15,16,20,60,0,12451132,5.698120,7.532136,1089,1666
V8,2,C6,8,w5d-V8-s2-C6-b8,,cache,baseline,loas,16,vgg16_T4_n5,layer_08_features_27,2,16384,8,256,32,524288,16,8192,512,64,4,16,1,split_cin,32,16,20,20,12,1,next_burst,4,0,1,8,0,24,8,1,1,1,non_inclusive,lru,2183194,146200,2036994,1187172,2339200,0.507512,0,2690,0.000000,1360192,87052288,0,0,487212,55216,0,31895750,48758,107016,32593952,32486936,112015378,79528442,0.709978,2337152,208164,1150076,0,14936,963976,0,0,0,0.580643,0.999124,0,0,0.208007,94.557702,3,4,5,14,17,20,60,0,12450966,5.703096,7.911174,1089,1666
V8,3,C5,2,w5d-V8-s3-C5-b2,,cache,baseline,loas,16,vgg16_T4_n5,layer_08_features_27,3,16384,8,1024,128,524288,16,32768,2048,16,1,16,1,split_cin,128,16,20,20,12,1,next_burst,4,0,1,8,0,24,2,1,1,1,non_inclusive,lru,3685074,156016,3529058,536406,2496256,0.214884,0,2762,0.000000,2273504,36376064,0,0,159894,55166,0,56092290,54454,105172,56466976,56361804,276718438,220356634,0.796321,2494208,351350,1957802,0,185056,0,0,0,0,0.925046,0.999180,0,0,0.000000,37.685558,4,5,5,15,16,20,58,0,16653210,4.519098,10.824155,1155,1786
V8,3,C5,4,w5d-V8-s3-C5-b4,,cache,baseline,loas,16,vgg16_T4_n5,layer_08_features_27,3,16384,8,1024,128,524288,16,32768,2048,16,1,16,1,split_cin,128,16,20,20,12,1,next_burst,4,0,1,8,0,24,4,1,1,1,non_inclusive,lru,3646820,156016,3490804,540038,2496256,0.216339,0,3158,0.000000,2273504,36376064,0,0,167538,93070,0,55459774,37670,96860,55854912,55758052,273893586,218135534,0.796424,2494208,354982,1954170,0,185056,0,0,0,0,0.925046,0.999180,0,0,0.000000,75.231438,4,5,5,15,16,20,60,0,16652890,4.566414,10.163578,1155,1786
V8,3,C5,8,w5d-V8-s3-C5-b8,,cache,baseline,loas,16,vgg16_T4_n5,layer_08_features_27,3,16384,8,1024,128,524288,16,32768,2048,16,1,16,1,split_cin,128,16,20,20,12,1,next_burst,4,0,1,8,0,24,8,1,1,1,non_inclusive,lru,3642530,156016,3486514,512528,2496256,0.205319,0,3230,0.000000,2273504,36376064,0,0,158090,108760,0,55388384,34754,96284,55786272,55689988,273676324,217986336,0.796511,2494208,327472,1981680,0,185056,0,0,0,0,0.925046,0.999180,0,0,0.000000,152.578812,4,5,5,15,16,20,60,0,16653032,4.571831,10.408482,1155,1786
V8,3,C6,2,w5d-V8-s3-C6-b2,,cache,baseline,loas,16,vgg16_T4_n5,layer_08_features_27,3,16384,8,256,32,524288,16,8192,512,64,4,16,1,split_cin,32,16,20,20,12,1,next_burst,4,0,1,8,0,24,2,1,1,1,non_inclusive,lru,2255732,156016,2099716,1354074,2496256,0.542442,0,2538,0.000000,1394528,89249792,0,0,611340,40420,0,32776758,55382,113604,33597504,33483900,113603900,80120000,0.705257,2494208,252346,1140230,0,19004,1082628,0,0,0,0.557866,0.999180,0,0,0.106337,21.962786,2,4,5,15,16,20,54,0,13058754,5.789143,8.140298,1155,1786
V8,3,C6,4,w5d-V8-s3-C6-b4,,cache,baseline,loas,16,vgg16_T4_n5,layer_08_features_27,3,16384,8,256,32,524288,16,8192,512,64,4,16,1,split_cin,32,16,20,20,12,1,next_burst,4,0,1,8,0,24,4,1,1,1,non_inclusive,lru,2240980,156016,2084964,1324496,2496256,0.530593,0,2750,0.000000,1394528,89249792,0,0,588014,61762,0,32554288,46464,110944,33361472,33250528,112906444,79655916,0.705504,2494208,222768,1169808,0,18718,1082914,0,0,0,0.557866,0.999180,0,0,0.106337,45.063070,2,4,5,15,16,20,57,0,13059228,5.827463,7.730134,1155,1786
V8,3,C6,8,w5d-V8-s3-C6-b8,,cache,baseline,loas,16,vgg16_T4_n5,layer_08_features_27,3,16384,8,256,32,524288,16,8192,512,64,4,16,1,split_cin,32,16,20,20,12,1,next_burst,4,0,1,8,0,24,8,1,1,1,non_inclusive,lru,2239396,156016,2083380,1316076,2496256,0.527220,0,2750,0.000000,1394528,89249792,0,0,579322,61762,0,32531192,46464,117388,33336128,33218740,112762142,79543402,0.705409,2494208,214348,1178228,0,18384,1083248,0,0,0,0.557866,0.999180,0,0,0.106337,90.773767,2,4,5,14,17,20,57,0,13059054,5.831507,8.092692,1155,1786
V8,4,C5,2,w5d-V8-s4-C5-b2,,cache,baseline,loas,16,vgg16_T4_n5,layer_08_features_27,4,16384,8,1024,128,524288,16,32768,2048,16,1,16,1,split_cin,128,16,20,20,12,1,next_burst,4,0,1,8,0,24,2,1,1,1,non_inclusive,lru,3886130,162512,3723618,523994,2600192,0.201521,0,2680,0.000000,2401248,38419968,0,0,156970,51300,0,59211732,57564,102370,59579936,59477566,294593218,235115652,0.798103,2598144,356890,2074150,0,167104,0,0,0,0,0.934946,0.999212,0,0,0.000000,38.326979,4,5,5,15,16,20,58,0,17463920,4.493910,11.331922,1217,1890
V8,4,C5,4,w5d-V8-s4-C5-b4,,cache,baseline,loas,16,vgg16_T4_n5,layer_08_features_27,4,16384,8,1024,128,524288,16,32768,2048,16,1,16,1,split_cin,128,16,20,20,12,1,next_burst,4,0,1,8,0,24,4,1,1,1,non_inclusive,lru,3850816,162512,3688304,527332,2600192,0.202805,0,3108,0.000000,2401248,38419968,0,0,163482,86356,0,58631932,39904,93238,59014912,58921674,291953278,233031604,0.798181,2598144,360228,2070812,0,167104,0,0,0,0,0.934946,0.999212,0,0,0.000000,76.530718,4,5,5,15,16,20,60,0,17463986,4.535139,11.288515,1217,1890
V8,4,C5,8,w5d-V8-s4-C5-b8,,cache,baseline,loas,16,vgg16_T4_n5,layer_08_features_27,4,16384,8,1024,128,524288,16,32768,2048,16,1,16,1,split_cin,128,16,20,20,12,1,next_burst,4,0,1,8,0,24,8,1,1,1,non_inclusive,lru,3846664,162512,3684152,526082,2600192,0.202324,0,3248,0.000000,2401248,38419968,0,0,167314,107374,0,58550158,33926,89708,58948480,58858772,291676198,232817426,0.798205,2598144,358978,2072062,0,167104,0,0,0,0,0.934946,0.999212,0,0,0.000000,153.153736,4,5,5,15,16,20,60,0,17463968,4.540029,11.145120,1217,1890
V8,4,C6,2,w5d-V8-s4-C6-b2,,cache,baseline,loas,16,vgg16_T4_n5,layer_08_features_27,4,16384,8,256,32,524288,16,8192,512,64,4,16,1,split_cin,32,16,20,20,12,1,next_burst,4,0,1,8,0,24,2,1,1,1,non_inclusive,lru,2248132,162512,2085620,1452074,2600192,0.558449,0,2506,0.000000,1389632,88936448,0,0,674852,38264,0,32473164,56656,129032,33371968,33242936,106796066,73553130,0.688725,2598144,241514,1146166,0,21864,1188600,0,0,0,0.533684,0.999212,0,0,0.104818,21.194459,2,4,5,15,16,20,53,0,13352320,5.939295,8.550523,1217,1890
V8,4,C6,4,w5d-V8-s4-C6-b4,,cache,baseline,loas,16,vgg16_T4_n5,layer_08_features_27,4,16384,8,256,32,524288,16,8192,512,64,4,16,1,split_cin,32,16,20,20,12,1,next_burst,4,0,1,8,0,24,4,1,1,1,non_inclusive,lru,2233224,162512,2070712,1420344,2600192,0.546246,0,2824,0.000000,1389632,88936448,0,0,639362,67224,0,32256634,43174,127046,33133440,33006394,106074982,73068588,0.688839,2598144,209784,1177896,0,21434,1189030,0,0,0,0.533684,0.999212,0,0,0.104818,43.560402,2,4,5,15,16,20,53,0,13352326,5.978946,7.736046,1217,1890
V8,4,C6,8,w5d-V8-s4-C6-b8,,cache,baseline,loas,16,vgg16_T4_n5,layer_08_features_27,4,16384,8,256,32,524288,16,8192,512,64,4,16,1,split_cin,32,16,20,20,12,1,next_burst,4,0,1,8,0,24,8,1,1,1,non_inclusive,lru,2231340,162512,2068828,1418446,2600192,0.545516,0,2856,0.000000,1389632,88936448,0,0,641226,70264,0,32218504,41846,131456,33103296,32971840,105869030,72897190,0.688560,2598144,207886,1179794,0,20844,1189620,0,0,0,0.533684,0.999212,0,0,0.104818,87.260953,2,4,5,14,17,20,54,0,13351798,5.983758,8.224116,1217,1890
V9,0,C5,2,w5d-V9-s0-C5-b2,,cache,baseline,loas,16,vgg16_T4_n5,layer_09_features_30,0,16384,8,1024,128,524288,16,32768,2048,16,1,16,1,split_cin,128,16,20,20,12,1,next_burst,4,0,1,8,0,24,2,1,1,1,non_inclusive,lru,7974036,312192,7661844,374118,4995072,0.074897,0,2780,0.000000,4956608,79305728,0,0,67952,61610,0,122328796,53812,79382,122591552,122512170,630847320,508335150,0.805797,4993024,338342,4618906,0,35776,0,0,0,0,0.992428,0.999590,0,0,0.000000,44.404924,4,5,5,15,16,20,56,0,34808730,4.365259,20.390083,2362,3575
V9,0,C5,4,w5d-V9-s0-C5-b4,,cache,baseline,loas,16,vgg16_T4_n5,layer_09_features_30,0,16384,8,1024,128,524288,16,32768,2048,16,1,16,1,split_cin,128,16,20,20,12,1,next_burst,4,0,1,8,0,24,4,1,1,1,non_inclusive,lru,7937958,312192,7625766,467806,4995072,0.093654,0,3268,0.000000,4956608,79305728,0,0,115924,108580,0,121686404,32828,70568,122014304,121943736,628030894,506087158,0.805832,4993024,432030,4525218,0,35776,0,0,0,0,0.992428,0.999590,0,0,0.000000,87.009264,4,5,5,15,16,20,60,0,34809168,4.385154,20.877081,2362,3575
V9,0,C5,8,w5d-V9-s0-C5-b8,,cache,baseline,loas,16,vgg16_T4_n5,layer_09_features_30,0,16384,8,1024,128,524288,16,32768,2048,16,1,16,1,split_cin,128,16,20,20,12,1,next_burst,4,0,1,8,0,24,8,1,1,1,non_inclusive,lru,7934982,312192,7622790,426476,4995072,0.085379,0,3268,0.000000,4956608,79305728,0,0,87904,122122,0,121646264,33194,77204,121966688,121889484,627776476,505886992,0.805839,4993024,390700,4566548,0,35776,0,0,0,0,0.992428,0.999590,0,0,0.000000,175.607165,4,5,5,13,19,20,60,0,34809012,4.386779,20.915649,2362,3575
V9,0,C6,2,w5d-V9-s0-C6-b2,,cache,baseline,loas,16,vgg16_T4_n5,layer_09_features_30,0,16384,8,256,32,524288,16,8192,512,64,4,16,1,split_cin,32,16,20,20,12,1,next_burst,4,0,1,8,0,24,2,1,1,1,non_inclusive,lru,2625950,312192,2313758,3513378,4995072,0.703369,0,2536,0.000000,1621504,103776256,0,0,2074036,39904,0,34616194,55164,236878,37022176,36785298,84533220,47747922,0.564842,4993024,139810,1479742,0,72088,3301384,0,0,0,0.324230,0.999590,0,0,0.010200,14.238296,2,2,3,15,16,20,24,0,21440422,8.164825,14.047621,2362,3575
V9,0,C6,4,w5d-V9-s0-C6-b4,,cache,baseline,loas,16,vgg16_T4_n5,layer_09_features_30,0,16384,8,256,32,524288,16,8192,512,64,4,16,1,split_cin,32,16,20,20,12,1,next_burst,4,0,1,8,0,24,4,1,1,1,non_inclusive,lru,2616786,312192,2304594,3524412,4995072,0.705578,0,2536,0.000000,1621504,103776256,0,0,2097742,39904,0,34351404,55164,331338,36875552,36544214,83896270,47352056,0.564412,4993024,150844,1468708,0,93676,3279796,0,0,0,0.324230,0.999590,0,0,0.010200,28.264530,2,2,3,14,17,20,27,0,21351238,8.159337,13.508892,2362,3575
V9,0,C6,8,w5d-V9-s0-C6-b8,,cache,baseline,loas,16,vgg16_T4_n5,layer_09_features_30,0,16384,8,256,32,524288,16,8192,512,64,4,16,1,split_cin,32,16,20,20,12,1,next_burst,4,0,1,8,0,24,8,1,1,1,non_inclusive,lru,2617922,312192,2305730,3533228,4995072,0.707343,0,2536,0.000000,1621504,103776256,0,0,2114282,39904,0,34283608,55164,400770,36893728,36492958,83764680,47271722,0.564340,4993024,159660,1459892,0,114774,3258698,0,0,0,0.324230,0.999590,0,0,0.010200,56.190191,1,2,3,14,19,20,27,0,21241950,8.114050,13.318090,2362,3575
V9,1,C5,2,w5d-V9-s1-C5-b2,,cache,baseline,loas,16,vgg16_T4_n5,layer_09_features_30,1,16384,8,1024,128,524288,16,32768,2048,16,1,16,1,split_cin,128,16,20,20,12,1,next_burst,4,0,1,8,0,24,2,1,1,1,non_inclusive,lru,7825966,306872,7519094,373806,4909952,0.076132,0,2780,0.000000,4863808,77820928,0,0,63824,59258,0,120048514,53812,82144,120307552,120225408,618303344,498077936,0.805556,4907904,331694,4534098,0,42112,0,0,0,0,0.991006,0.999583,0,0,0.000000,44.345649,4,5,5,15,16,20,57,0,34185074,4.368160,20.867728,2304,3507
V9,1,C5,4,w5d-V9-s1-C5-b4,,cache,baseline,loas,16,vgg16_T4_n5,layer_09_features_30,1,16384,8,1024,128,524288,16,32768,2048,16,1,16,1,split_cin,128,16,20,20,12,1,next_burst,4,0,1,8,0,24,4,1,1,1,non_inclusive,lru,7789562,306872,7482690,487776,4909952,0.099344,0,3268,0.000000,4863808,77820928,0,0,116704,108820,0,119394130,32828,72606,119725088,119652482,615456204,495803722,0.805587,4907904,445664,4420128,0,42112,0,0,0,0,0.991006,0.999583,0,0,0.000000,86.462942,4,5,5,15,16,20,60,0,34184918,4.388555,20.373862,2304,3507
V9,1,C5,8,w5d-V9-s1-C5-b8,,cache,baseline,loas,16,vgg16_T4_n5,layer_09_features_30,1,16384,8,1024,128,524288,16,32768,2048,16,1,16,1,split_cin,128,16,20,20,12,1,next_burst,4,0,1,8,0,24,8,1,1,1,non_inclusive,lru,7786290,306872,7479418,483482,4909952,0.098470,0,3268,0.000000,4863808,77820928,0,0,90170,122122,0,119358512,33194,68738,119672736,119603998,615188466,495584468,0.805582,4907904,441370,4424422,0,42112,0,0,0,0,0.991006,0.999583,0,0,0.000000,173.093798,4,5,5,14,18,20,60,0,34184910,4.390398,20.225441,2304,3507
V9,1,C6,2,w5d-V9-s1-C6-b2,,cache,baseline,loas,16,vgg16_T4_n5,layer_09_features_30,1,16384,8,256,32,524288,16,8192,512,64,4,16,1,split_cin,32,16,20,20,12,1,next_burst,4,0,1,8,0,24,2,1,1,1,non_inclusive,lru,2627352,306872,2320480,3437546,4909952,0.700118,0,2440,0.000000,1621088,103749632,0,0,2013068,33480,0,34752272,59292,271616,37129728,36858112,85270222,48412110,0.567749,4907904,148682,1470454,0,68260,3220508,0,0,0,0.329766,0.999583,0,0,0.018446,14.394334,2,2,4,15,16,20,22,0,21186566,8.063848,12.652830,2304,3507
V9,1,C6,4,w5d-V9-s1-C6-b4,,cache,baseline,loas,16,vgg16_T4_n5,layer_09_features_30,1,16384,8,256,32,524288,16,8192,512,64,4,16,1,split_cin,32,16,20,20,12,1,next_burst,4,0,1,8,0,24,4,1,1,1,non_inclusive,lru,2615588,306872,2308716,3436784,4909952,0.699963,0,2440,0.000000,1621088,103749632,0,0,2015378,33408,0,34541424,59292,292002,36941504,36649502,84785664,48136162,0.567739,4907904,147920,1471216,0,74890,3213878,0,0,0,0.329766,0.999583,0,0,0.018446,28.803566,2,2,4,15,17,20,25,0,21154174,8.087732,13.383907,2304,3507
V9,1,C6,8,w5d-V9-s1-C6-b8,,cache,baseline,loas,16,vgg16_T4_n5,layer_09_features_30,1,16384,8,256,32,524288,16,8192,512,64,4,16,1,split_cin,32,16,20,20,12,1,next_burst,4,0,1,8,0,24,8,1,1,1,non_inclusive,lru,2615156,306872,2308284,3445692,4909952,0.701777,0,2440,0.000000,1621088,103749632,0,0,2032714,33408,0,34443458,59292,365720,36934592,36568872,84583850,48014978,0.567661,4907904,156828,1462308,0,99952,3188816,0,0,0,0.329766,0.999583,0,0,0.018446,57.258792,2,2,4,14,18,20,25,0,21062280,8.053929,12.755193,2304,3507
V9,2,C5,2,w5d-V9-s2-C5-b2,,cache,baseline,loas,16,vgg16_T4_n5,layer_09_features_30,2,16384,8,1024,128,524288,16,32768,2048,16,1,16,1,split_cin,128,16,20,20,12,1,next_burst,4,0,1,8,0,24,2,1,1,1,non_inclusive,lru,7981618,312424,7669194,290082,4998784,0.058031,0,2780,0.000000,4961696,79387136,0,0,46198,59132,0,122470118,53812,79892,122709152,122629260,631464838,508835578,0.805802,4996736,255426,4706654,0,34656,0,0,0,0,0.992657,0.999590,0,0,0.000000,45.214535,4,5,5,15,16,20,57,0,34839128,4.364920,20.737561,2343,3563
V9,2,C5,4,w5d-V9-s2-C5-b4,,cache,baseline,loas,16,vgg16_T4_n5,layer_09_features_30,2,16384,8,1024,128,524288,16,32768,2048,16,1,16,1,split_cin,128,16,20,20,12,1,next_burst,4,0,1,8,0,24,4,1,1,1,non_inclusive,lru,7945322,312424,7632898,447658,4998784,0.089553,0,3268,0.000000,4961696,79387136,0,0,99376,108820,0,121811998,32828,75394,122128416,122053022,628619674,506566652,0.805840,4996736,413002,4549078,0,34656,0,0,0,0,0.992657,0.999590,0,0,0.000000,87.402876,4,5,5,15,16,20,60,0,34839022,4.384847,21.378984,2343,3563
V9,2,C5,8,w5d-V9-s2-C5-b8,,cache,baseline,loas,16,vgg16_T4_n5,layer_09_features_30,2,16384,8,1024,128,524288,16,32768,2048,16,1,16,1,split_cin,128,16,20,20,12,1,next_burst,4,0,1,8,0,24,8,1,1,1,non_inclusive,lru,7942724,312424,7630300,393878,4998784,0.078795,0,3268,0.000000,4961696,79387136,0,0,74258,122122,0,121775692,33194,81582,122086848,122005266,628386504,506381238,0.805844,4996736,359222,4602858,0,34656,0,0,0,0,0.992657,0.999590,0,0,0.000000,176.871406,4,5,5,13,19,20,60,0,34839318,4.386319,20.102174,2343,3563
V9,2,C6,2,w5d-V9-s2-C6-b2,,cache,baseline,loas,16,vgg16_T4_n5,layer_09_features_30,2,16384,8,256,32,524288,16,8192,512,64,4,16,1,split_cin,32,16,20,20,12,1,next_burst,4,0,1,8,0,24,2,1,1,1,non_inclusive,lru,2627910,312424,2315486,3499674,4998784,0.700105,0,2464,0.000000,1620864,103735296,0,0,2033618,35002,0,34628730,58260,294214,37049824,36755610,83841266,47085656,0.561605,4996736,121754,1497158,0,67232,3310592,0,0,0,0.323861,0.999590,0,0,0.009983,14.394957,2,2,4,15,16,20,27,0,21448264,8.161719,13.073067,2343,3563
V9,2,C6,4,w5d-V9-s2-C6-b4,,cache,baseline,loas,16,vgg16_T4_n5,layer_09_features_30,2,16384,8,256,32,524288,16,8192,512,64,4,16,1,split_cin,32,16,20,20,12,1,next_burst,4,0,1,8,0,24,4,1,1,1,non_inclusive,lru,2614944,312424,2302520,3504136,4998784,0.700998,0,2464,0.000000,1620864,103735296,0,0,2044554,35002,0,34415742,58260,288810,36842368,36553558,83367030,46813472,0.561535,4996736,126216,1492696,0,76572,3301252,0,0,0,0.323861,0.999590,0,0,0.009983,28.704222,2,2,4,15,17,20,31,0,21400470,8.183911,13.495783,2343,3563
V9,2,C6,8,w5d-V9-s2-C6-b8,,cache,baseline,loas,16,vgg16_T4_n5,layer_09_features_30,2,16384,8,256,32,524288,16,8192,512,64,4,16,1,split_cin,32,16,20,20,12,1,next_burst,4,0,1,8,0,24,8,1,1,1,non_inclusive,lru,2620198,312424,2307774,3526202,4998784,0.705412,0,2464,0.000000,1620864,103735296,0,0,2087078,35002,0,34274466,58260,471626,36926432,36454806,83186854,46732048,0.561772,4996736,148282,1470630,0,116064,3261760,0,0,0,0.323861,0.999590,0,0,0.009983,56.560904,1,2,4,14,19,20,31,0,21245210,8.108246,13.829698,2343,3563
V9,3,C5,2,w5d-V9-s3-C5-b2,,cache,baseline,loas,16,vgg16_T4_n5,layer_09_features_30,3,16384,8,1024,128,524288,16,32768,2048,16,1,16,1,split_cin,128,16,20,20,12,1,next_burst,4,0,1,8,0,24,2,1,1,1,non_inclusive,lru,8023950,313776,7710174,281906,5020416,0.056152,0,2780,0.000000,4987072,79793152,0,0,41428,61610,0,123140114,53812,67868,123364832,123296964,635084680,511787716,0.805857,5018368,249842,4736462,0,32064,0,0,0,0,0.993205,0.999592,0,0,0.000000,45.304708,4,5,5,15,16,20,56,0,35003900,4.362427,17.379520,2358,3567
V9,3,C5,4,w5d-V9-s3-C5-b4,,cache,baseline,loas,16,vgg16_T4_n5,layer_09_features_30,3,16384,8,1024,128,524288,16,32768,2048,16,1,16,1,split_cin,128,16,20,20,12,1,next_burst,4,0,1,8,0,24,4,1,1,1,non_inclusive,lru,7986624,313776,7672848,399268,5020416,0.079529,0,3268,0.000000,4987072,79793152,0,0,81140,108580,0,122484668,32828,60400,122767616,122707216,632134592,509427376,0.805884,5018368,367204,4619100,0,32064,0,0,0,0,0.993205,0.999592,0,0,0.000000,88.365229,4,5,5,15,16,20,60,0,35003794,4.382802,17.157629,2358,3567
V9,3,C5,8,w5d-V9-s3-C5-b8,,cache,baseline,loas,16,vgg16_T4_n5,layer_09_features_30,3,16384,8,1024,128,524288,16,32768,2048,16,1,16,1,split_cin,128,16,20,20,12,1,next_burst,4,0,1,8,0,24,8,1,1,1,non_inclusive,lru,7983900,313776,7670124,270692,5020416,0.053918,0,3268,0.000000,4987072,79793152,0,0,55882,122122,0,122436150,33194,76684,122724032,122647348,631933680,509286332,0.805917,5018368,238628,4747676,0,32064,0,0,0,0,0.993205,0.999592,0,0,0.000000,181.647698,4,5,5,13,19,20,60,0,35004022,4.384326,16.671527,2358,3567
V9,3,C6,2,w5d-V9-s3-C6-b2,,cache,baseline,loas,16,vgg16_T4_n5,layer_09_features_30,3,16384,8,256,32,524288,16,8192,512,64,4,16,1,split_cin,32,16,20,20,12,1,next_burst,4,0,1,8,0,24,2,1,1,1,non_inclusive,lru,2630438,313776,2316662,3529064,5020416,0.702943,0,2440,0.000000,1623008,103872512,0,0,2075152,33362,0,34612600,59292,288234,37068640,36780406,83977280,47196874,0.562020,5018368,131656,1489400,0,72176,3325136,0,0,0,0.322893,0.999592,0,0,0.008681,14.258758,2,2,4,15,16,20,23,0,21505870,8.175775,12.905557,2358,3567
V9,3,C6,4,w5d-V9-s3-C6-b4,,cache,baseline,loas,16,vgg16_T4_n5,layer_09_features_30,3,16384,8,256,32,524288,16,8192,512,64,4,16,1,split_cin,32,16,20,20,12,1,next_burst,4,0,1,8,0,24,4,1,1,1,non_inclusive,lru,2620740,313776,2306964,3538688,5020416,0.704860,0,2440,0.000000,1623008,103872512,0,0,2096806,33362,0,34374096,59292,349916,36913472,36563556,83484096,46920540,0.562030,5018368,141280,1479776,0,89022,3308290,0,0,0,0.322893,0.999592,0,0,0.008681,28.333486,2,2,4,14,17,20,24,0,21428510,8.176511,13.137529,2358,3567
V9,3,C6,8,w5d-V9-s3-C6-b8,,cache,baseline,loas,16,vgg16_T4_n5,layer_09_features_30,3,16384,8,256,32,524288,16,8192,512,64,4,16,1,split_cin,32,16,20,20,12,1,next_burst,4,0,1,8,0,24,8,1,1,1,non_inclusive,lru,2622304,313776,2308528,3549838,5020416,0.707080,0,2440,0.000000,1623008,103872512,0,0,2118538,33362,0,34273534,59292,453770,36938496,36484726,83279340,46794614,0.561899,5018368,152430,1468626,0,113046,3284266,0,0,0,0.322893,0.999592,0,0,0.008681,56.240554,1,2,4,14,19,20,24,0,21298992,8.122244,13.055111,2358,3567
V9,4,C5,2,w5d-V9-s4-C5-b2,,cache,baseline,loas,16,vgg16_T4_n5,layer_09_features_30,4,16384,8,1024,128,524288,16,32768,2048,16,1,16,1,split_cin,128,16,20,20,12,1,next_burst,4,0,1,8,0,24,2,1,1,1,non_inclusive,lru,7726874,302864,7424010,392756,4845824,0.081050,0,2780,0.000000,4802240,76835840,0,0,76534,59978,0,118513672,53812,82212,118786208,118703996,610681274,491977278,0.805620,4843776,352596,4451020,0,40160,0,0,0,0,0.991290,0.999577,0,0,0.000000,44.109581,4,5,5,15,16,20,57,0,33745272,4.367261,16.433583,2274,3431
V9,4,C5,4,w5d-V9-s4-C5-b4,,cache,baseline,loas,16,vgg16_T4_n5,layer_09_features_30,4,16384,8,1024,128,524288,16,32768,2048,16,1,16,1,split_cin,128,16,20,20,12,1,next_burst,4,0,1,8,0,24,4,1,1,1,non_inclusive,lru,7690562,302864,7387698,470882,4845824,0.097173,0,3268,0.000000,4802240,76835840,0,0,99696,108708,0,117892816,32828,71168,118205216,118134048,607813998,489679950,0.805641,4843776,430722,4372894,0,40160,0,0,0,0,0.991290,0.999577,0,0,0.000000,86.671417,4,5,5,15,16,20,60,0,33745212,4.387873,16.743007,2274,3431
V9,4,C5,8,w5d-V9-s4-C5-b8,,cache,baseline,loas,16,vgg16_T4_n5,layer_09_features_30,4,16384,8,1024,128,524288,16,32768,2048,16,1,16,1,split_cin,128,16,20,20,12,1,next_burst,4,0,1,8,0,24,8,1,1,1,non_inclusive,lru,7687820,302864,7384956,435246,4845824,0.089819,0,3268,0.000000,4802240,76835840,0,0,102768,120346,0,117830826,33146,74258,118161344,118087086,607655806,489568720,0.805668,4843776,395086,4408530,0,40160,0,0,0,0,0.991290,0.999577,0,0,0.000000,174.754794,4,5,5,14,18,20,60,0,33745340,4.389455,16.036909,2274,3431
V9,4,C6,2,w5d-V9-s4-C6-b2,,cache,baseline,loas,16,vgg16_T4_n5,layer_09_features_30,4,16384,8,256,32,524288,16,8192,512,64,4,16,1,split_cin,32,16,20,20,12,1,next_burst,4,0,1,8,0,24,2,1,1,1,non_inclusive,lru,2621166,302864,2318302,3379506,4845824,0.697406,0,2504,0.000000,1617472,103518208,0,0,1966134,37722,0,34772114,56540,262370,37094880,36832510,85708566,48876056,0.570259,4843776,151154,1464366,0,65190,3163066,0,0,0,0.333384,0.999577,0,0,0.011719,14.524519,2,3,4,15,16,20,41,0,20983914,8.005565,12.831786,2274,3431
V9,4,C6,4,w5d-V9-s4-C6-b4,,cache,baseline,loas,16,vgg16_T4_n5,layer_09_features_30,4,16384,8,256,32,524288,16,8192,512,64,4,16,1,split_cin,32,16,20,20,12,1,next_burst,4,0,1,8,0,24,4,1,1,1,non_inclusive,lru,2608176,302864,2305312,3377730,4845824,0.697039,0,2568,0.000000,1617472,103518208,0,0,1964966,43922,0,34562494,53884,261774,36887040,36625266,85194510,48569244,0.570098,4843776,149378,1466142,0,74608,3153648,0,0,0,0.333384,0.999577,0,0,0.011719,29.084223,2,3,4,15,17,20,41,0,20954390,8.034117,12.462210,2274,3431
V9,4,C6,8,w5d-V9-s4-C6-b8,,cache,baseline,loas,16,vgg16_T4_n5,layer_09_features_30,4,16384,8,256,32,524288,16,8192,512,64,4,16,1,split_cin,32,16,20,20,12,1,next_burst,4,0,1,8,0,24,8,1,1,1,non_inclusive,lru,2609904,302864,2307040,3389956,4845824,0.699562,0,2568,0.000000,1617472,103518208,0,0,1989300,43922,0,34466758,53884,360824,36914688,36553864,84991766,48437902,0.569913,4843776,161604,1453916,0,96498,3131758,0,0,0,0.333384,0.999577,0,0,0.011719,57.684030,2,3,4,14,18,20,41,0,20866434,7.995096,13.231269,2274,3431
